{
 "type": "FeatureCollection",
 "features": [
  {
   "type": "Feature",
   "properties": {
    "id": "01-B1",
    "lot": 1,
    "space": "B1",
    "status": "buried",
    "color": "red"
   },
   "geometry": {
    "type": "Polygon",
    "coordinates": [
     [
      [
       -97.66207760019067,
       30.437052863499943
      ],
      [
       -97.66208522017608,
       30.437046737032464
      ],
      [
       -97.66210653743015,
       30.437066446528554
      ],
      [
       -97.66209891744474,
       30.437072572996037
      ],
      [
       -97.66207760019067,
       30.437052863499943
      ]
     ]
    ]
   }
  },
  {
   "type": "Feature",
   "properties": {
    "id": "01-B2",
    "lot": 1,
    "space": "B2",
    "status": "unowned",
    "color": "white"
   },
   "geometry": {
    "type": "Polygon",
    "coordinates": [
     [
      [
       -97.66208522017608,
       30.437046737032464
      ],
      [
       -97.66209284016149,
       30.43704061056498
      ],
      [
       -97.66211415741556,
       30.43706032006107
      ],
      [
       -97.66210653743015,
       30.437066446528554
      ],
      [
       -97.66208522017608,
       30.437046737032464
      ]
     ]
    ]
   }
  },
  {
   "type": "Feature",
   "properties": {
    "id": "01-B3",
    "lot": 1,
    "space": "B3",
    "status": "unowned",
    "color": "white"
   },
   "geometry": {
    "type": "Polygon",
    "coordinates": [
     [
      [
       -97.66209284016149,
       30.43704061056498
      ],
      [
       -97.66210046014692,
       30.4370344840975
      ],
      [
       -97.66212177740097,
       30.43705419359359
      ],
      [
       -97.66211415741556,
       30.43706032006107
      ],
      [
       -97.66209284016149,
       30.43704061056498
      ]
     ]
    ]
   }
  },
  {
   "type": "Feature",
   "properties": {
    "id": "01-B4",
    "lot": 1,
    "space": "B4",
    "status": "buried",
    "color": "red"
   },
   "geometry": {
    "type": "Polygon",
    "coordinates": [
     [
      [
       -97.66210046014692,
       30.4370344840975
      ],
      [
       -97.66210808013233,
       30.437028357630016
      ],
      [
       -97.66212939738638,
       30.43704806712611
      ],
      [
       -97.66212177740097,
       30.43705419359359
      ],
      [
       -97.66210046014692,
       30.4370344840975
      ]
     ]
    ]
   }
  },
  {
   "type": "Feature",
   "properties": {
    "id": "01-C2",
    "lot": 1,
    "space": "C2",
    "status": "unowned",
    "color": "white"
   },
   "geometry": {
    "type": "Polygon",
    "coordinates": [
     [
      [
       -97.66207605748849,
       30.43709095239848
      ],
      [
       -97.6620836774739,
       30.437084825931
      ],
      [
       -97.66210499472797,
       30.43710453542709
      ],
      [
       -97.66209737474256,
       30.43711066189457
      ],
      [
       -97.66207605748849,
       30.43709095239848
      ]
     ]
    ]
   }
  },
  {
   "type": "Feature",
   "properties": {
    "id": "01-C3",
    "lot": 1,
    "space": "C3",
    "status": "unowned",
    "color": "white"
   },
   "geometry": {
    "type": "Polygon",
    "coordinates": [
     [
      [
       -97.6620836774739,
       30.437084825931
      ],
      [
       -97.66209129745931,
       30.437078699463516
      ],
      [
       -97.66211261471338,
       30.43709840895961
      ],
      [
       -97.66210499472797,
       30.43710453542709
      ],
      [
       -97.6620836774739,
       30.437084825931
      ]
     ]
    ]
   }
  },
  {
   "type": "Feature",
   "properties": {
    "id": "01-C4",
    "lot": 1,
    "space": "C4",
    "status": "unowned",
    "color": "white"
   },
   "geometry": {
    "type": "Polygon",
    "coordinates": [
     [
      [
       -97.66209129745931,
       30.437078699463516
      ],
      [
       -97.66209891744474,
       30.437072572996037
      ],
      [
       -97.66212023469879,
       30.437092282492127
      ],
      [
       -97.66211261471338,
       30.43709840895961
      ],
      [
       -97.66209129745931,
       30.437078699463516
      ]
     ]
    ]
   }
  },
  {
   "type": "Feature",
   "properties": {
    "id": "01-D1",
    "lot": 1,
    "space": "D1",
    "status": "unowned",
    "color": "white"
   },
   "geometry": {
    "type": "Polygon",
    "coordinates": [
     [
      [
       -97.66209891744474,
       30.437072572996037
      ],
      [
       -97.66210653743015,
       30.437066446528554
      ],
      [
       -97.6621278546842,
       30.437086156024645
      ],
      [
       -97.66212023469879,
       30.437092282492127
      ],
      [
       -97.66209891744474,
       30.437072572996037
      ]
     ]
    ]
   }
  },
  {
   "type": "Feature",
   "properties": {
    "id": "01-D2",
    "lot": 1,
    "space": "D2",
    "status": "unowned",
    "color": "white"
   },
   "geometry": {
    "type": "Polygon",
    "coordinates": [
     [
      [
       -97.66210653743015,
       30.437066446528554
      ],
      [
       -97.66211415741556,
       30.43706032006107
      ],
      [
       -97.66213547466963,
       30.437080029557162
      ],
      [
       -97.6621278546842,
       30.437086156024645
      ],
      [
       -97.66210653743015,
       30.437066446528554
      ]
     ]
    ]
   }
  },
  {
   "type": "Feature",
   "properties": {
    "id": "01-D3",
    "lot": 1,
    "space": "D3",
    "status": "unowned",
    "color": "white"
   },
   "geometry": {
    "type": "Polygon",
    "coordinates": [
     [
      [
       -97.66211415741556,
       30.43706032006107
      ],
      [
       -97.66212177740097,
       30.43705419359359
      ],
      [
       -97.66214309465504,
       30.437073903089683
      ],
      [
       -97.66213547466963,
       30.437080029557162
      ],
      [
       -97.66211415741556,
       30.43706032006107
      ]
     ]
    ]
   }
  },
  {
   "type": "Feature",
   "properties": {
    "id": "01-D4",
    "lot": 1,
    "space": "D4",
    "status": "buried",
    "color": "red"
   },
   "geometry": {
    "type": "Polygon",
    "coordinates": [
     [
      [
       -97.66212177740097,
       30.43705419359359
      ],
      [
       -97.66212939738638,
       30.43704806712611
      ],
      [
       -97.66215071464045,
       30.4370677766222
      ],
      [
       -97.66214309465504,
       30.437073903089683
      ],
      [
       -97.66212177740097,
       30.43705419359359
      ]
     ]
    ]
   }
  },
  {
   "type": "Feature",
   "properties": {
    "id": "02-C1",
    "lot": 2,
    "space": "C1",
    "status": "unowned",
    "color": "white"
   },
   "geometry": {
    "type": "Polygon",
    "coordinates": [
     [
      [
       -97.66200730788424,
       30.437146441725016
      ],
      [
       -97.66201492786965,
       30.437140315257537
      ],
      [
       -97.6620362451237,
       30.437160024753627
      ],
      [
       -97.66202862513829,
       30.43716615122111
      ],
      [
       -97.66200730788424,
       30.437146441725016
      ]
     ]
    ]
   }
  },
  {
   "type": "Feature",
   "properties": {
    "id": "02-C2",
    "lot": 2,
    "space": "C2",
    "status": "unowned",
    "color": "white"
   },
   "geometry": {
    "type": "Polygon",
    "coordinates": [
     [
      [
       -97.66201492786965,
       30.437140315257537
      ],
      [
       -97.66202254785506,
       30.437134188790054
      ],
      [
       -97.66204386510913,
       30.437153898286144
      ],
      [
       -97.6620362451237,
       30.437160024753627
      ],
      [
       -97.66201492786965,
       30.437140315257537
      ]
     ]
    ]
   }
  },
  {
   "type": "Feature",
   "properties": {
    "id": "02-C3",
    "lot": 2,
    "space": "C3",
    "status": "unowned",
    "color": "white"
   },
   "geometry": {
    "type": "Polygon",
    "coordinates": [
     [
      [
       -97.66202254785506,
       30.437134188790054
      ],
      [
       -97.66203016784047,
       30.43712806232257
      ],
      [
       -97.66205148509454,
       30.437147771818662
      ],
      [
       -97.66204386510913,
       30.437153898286144
      ],
      [
       -97.66202254785506,
       30.437134188790054
      ]
     ]
    ]
   }
  },
  {
   "type": "Feature",
   "properties": {
    "id": "02-C4",
    "lot": 2,
    "space": "C4",
    "status": "unowned",
    "color": "white"
   },
   "geometry": {
    "type": "Polygon",
    "coordinates": [
     [
      [
       -97.66203016784047,
       30.43712806232257
      ],
      [
       -97.66203778782588,
       30.437121935855092
      ],
      [
       -97.66205910507995,
       30.437141645351183
      ],
      [
       -97.66205148509454,
       30.437147771818662
      ],
      [
       -97.66203016784047,
       30.43712806232257
      ]
     ]
    ]
   }
  },
  {
   "type": "Feature",
   "properties": {
    "id": "03-A1",
    "lot": 3,
    "space": "A1",
    "status": "buried",
    "color": "red"
   },
   "geometry": {
    "type": "Polygon",
    "coordinates": [
     [
      [
       -97.66208958811121,
       30.437116671918215
      ],
      [
       -97.66209720809663,
       30.437110545450732
      ],
      [
       -97.66211852535069,
       30.437130254946823
      ],
      [
       -97.66211090536527,
       30.437136381414305
      ],
      [
       -97.66208958811121,
       30.437116671918215
      ]
     ]
    ]
   }
  },
  {
   "type": "Feature",
   "properties": {
    "id": "03-A2",
    "lot": 3,
    "space": "A2",
    "status": "buried",
    "color": "red"
   },
   "geometry": {
    "type": "Polygon",
    "coordinates": [
     [
      [
       -97.66209720809663,
       30.437110545450732
      ],
      [
       -97.66210482808204,
       30.43710441898325
      ],
      [
       -97.6621261453361,
       30.437124128479343
      ],
      [
       -97.66211852535069,
       30.437130254946823
      ],
      [
       -97.66209720809663,
       30.437110545450732
      ]
     ]
    ]
   }
  },
  {
   "type": "Feature",
   "properties": {
    "id": "03-A3",
    "lot": 3,
    "space": "A3",
    "status": "buried",
    "color": "red"
   },
   "geometry": {
    "type": "Polygon",
    "coordinates": [
     [
      [
       -97.66210482808204,
       30.43710441898325
      ],
      [
       -97.66211244806745,
       30.43709829251577
      ],
      [
       -97.66213376532151,
       30.43711800201186
      ],
      [
       -97.6621261453361,
       30.437124128479343
      ],
      [
       -97.66210482808204,
       30.43710441898325
      ]
     ]
    ]
   }
  },
  {
   "type": "Feature",
   "properties": {
    "id": "03-A4",
    "lot": 3,
    "space": "A4",
    "status": "unowned",
    "color": "white"
   },
   "geometry": {
    "type": "Polygon",
    "coordinates": [
     [
      [
       -97.66211244806745,
       30.43709829251577
      ],
      [
       -97.66212006805286,
       30.437092166048288
      ],
      [
       -97.66214138530692,
       30.437111875544378
      ],
      [
       -97.66213376532151,
       30.43711800201186
      ],
      [
       -97.66211244806745,
       30.43709829251577
      ]
     ]
    ]
   }
  },
  {
   "type": "Feature",
   "properties": {
    "id": "03-B1",
    "lot": 3,
    "space": "B1",
    "status": "buried",
    "color": "red"
   },
   "geometry": {
    "type": "Polygon",
    "coordinates": [
     [
      [
       -97.66212006805286,
       30.437092166048288
      ],
      [
       -97.66212768803828,
       30.437086039580805
      ],
      [
       -97.66214900529233,
       30.437105749076895
      ],
      [
       -97.66214138530692,
       30.437111875544378
      ],
      [
       -97.66212006805286,
       30.437092166048288
      ]
     ]
    ]
   }
  },
  {
   "type": "Feature",
   "properties": {
    "id": "03-B2",
    "lot": 3,
    "space": "B2",
    "status": "unowned",
    "color": "white"
   },
   "geometry": {
    "type": "Polygon",
    "coordinates": [
     [
      [
       -97.66212768803828,
       30.437086039580805
      ],
      [
       -97.6621353080237,
       30.437079913113326
      ],
      [
       -97.66215662527775,
       30.437099622609416
      ],
      [
       -97.66214900529233,
       30.437105749076895
      ],
      [
       -97.66212768803828,
       30.437086039580805
      ]
     ]
    ]
   }
  },
  {
   "type": "Feature",
   "properties": {
    "id": "03-B3",
    "lot": 3,
    "space": "B3",
    "status": "unowned",
    "color": "white"
   },
   "geometry": {
    "type": "Polygon",
    "coordinates": [
     [
      [
       -97.6621353080237,
       30.437079913113326
      ],
      [
       -97.6621429280091,
       30.437073786645843
      ],
      [
       -97.66216424526317,
       30.437093496141934
      ],
      [
       -97.66215662527775,
       30.437099622609416
      ],
      [
       -97.6621353080237,
       30.437079913113326
      ]
     ]
    ]
   }
  },
  {
   "type": "Feature",
   "properties": {
    "id": "03-B4",
    "lot": 3,
    "space": "B4",
    "status": "buried",
    "color": "red"
   },
   "geometry": {
    "type": "Polygon",
    "coordinates": [
     [
      [
       -97.6621429280091,
       30.437073786645843
      ],
      [
       -97.66215054799451,
       30.43706766017836
      ],
      [
       -97.66217186524858,
       30.43708736967445
      ],
      [
       -97.66216424526317,
       30.437093496141934
      ],
      [
       -97.6621429280091,
       30.437073786645843
      ]
     ]
    ]
   }
  },
  {
   "type": "Feature",
   "properties": {
    "id": "03-C1",
    "lot": 3,
    "space": "C1",
    "status": "buried",
    "color": "red"
   },
   "geometry": {
    "type": "Polygon",
    "coordinates": [
     [
      [
       -97.66211090536527,
       30.437136381414305
      ],
      [
       -97.66211852535069,
       30.437130254946823
      ],
      [
       -97.66213984260474,
       30.437149964442916
      ],
      [
       -97.66213222261933,
       30.437156090910396
      ],
      [
       -97.66211090536527,
       30.437136381414305
      ]
     ]
    ]
   }
  },
  {
   "type": "Feature",
   "properties": {
    "id": "03-C2",
    "lot": 3,
    "space": "C2",
    "status": "buried",
    "color": "red"
   },
   "geometry": {
    "type": "Polygon",
    "coordinates": [
     [
      [
       -97.66211852535069,
       30.437130254946823
      ],
      [
       -97.6621261453361,
       30.437124128479343
      ],
      [
       -97.66214746259016,
       30.437143837975434
      ],
      [
       -97.66213984260474,
       30.437149964442916
      ],
      [
       -97.66211852535069,
       30.437130254946823
      ]
     ]
    ]
   }
  },
  {
   "type": "Feature",
   "properties": {
    "id": "03-C3",
    "lot": 3,
    "space": "C3",
    "status": "unowned",
    "color": "white"
   },
   "geometry": {
    "type": "Polygon",
    "coordinates": [
     [
      [
       -97.6621261453361,
       30.437124128479343
      ],
      [
       -97.66213376532151,
       30.43711800201186
      ],
      [
       -97.66215508257558,
       30.43713771150795
      ],
      [
       -97.66214746259016,
       30.437143837975434
      ],
      [
       -97.6621261453361,
       30.437124128479343
      ]
     ]
    ]
   }
  },
  {
   "type": "Feature",
   "properties": {
    "id": "03-C4",
    "lot": 3,
    "space": "C4",
    "status": "unowned",
    "color": "white"
   },
   "geometry": {
    "type": "Polygon",
    "coordinates": [
     [
      [
       -97.66213376532151,
       30.43711800201186
      ],
      [
       -97.66214138530692,
       30.437111875544378
      ],
      [
       -97.66216270256099,
       30.43713158504047
      ],
      [
       -97.66215508257558,
       30.43713771150795
      ],
      [
       -97.66213376532151,
       30.43711800201186
      ]
     ]
    ]
   }
  },
  {
   "type": "Feature",
   "properties": {
    "id": "03-D1",
    "lot": 3,
    "space": "D1",
    "status": "unowned",
    "color": "white"
   },
   "geometry": {
    "type": "Polygon",
    "coordinates": [
     [
      [
       -97.66214138530692,
       30.437111875544378
      ],
      [
       -97.66214900529233,
       30.437105749076895
      ],
      [
       -97.6621703225464,
       30.43712545857299
      ],
      [
       -97.66216270256099,
       30.43713158504047
      ],
      [
       -97.66214138530692,
       30.437111875544378
      ]
     ]
    ]
   }
  },
  {
   "type": "Feature",
   "properties": {
    "id": "03-D2",
    "lot": 3,
    "space": "D2",
    "status": "unowned",
    "color": "white"
   },
   "geometry": {
    "type": "Polygon",
    "coordinates": [
     [
      [
       -97.66214900529233,
       30.437105749076895
      ],
      [
       -97.66215662527775,
       30.437099622609416
      ],
      [
       -97.66217794253181,
       30.437119332105507
      ],
      [
       -97.6621703225464,
       30.43712545857299
      ],
      [
       -97.66214900529233,
       30.437105749076895
      ]
     ]
    ]
   }
  },
  {
   "type": "Feature",
   "properties": {
    "id": "03-D3",
    "lot": 3,
    "space": "D3",
    "status": "unowned",
    "color": "white"
   },
   "geometry": {
    "type": "Polygon",
    "coordinates": [
     [
      [
       -97.66215662527775,
       30.437099622609416
      ],
      [
       -97.66216424526317,
       30.437093496141934
      ],
      [
       -97.66218556251722,
       30.437113205638024
      ],
      [
       -97.66217794253181,
       30.437119332105507
      ],
      [
       -97.66215662527775,
       30.437099622609416
      ]
     ]
    ]
   }
  },
  {
   "type": "Feature",
   "properties": {
    "id": "03-D4",
    "lot": 3,
    "space": "D4",
    "status": "unowned",
    "color": "white"
   },
   "geometry": {
    "type": "Polygon",
    "coordinates": [
     [
      [
       -97.66216424526317,
       30.437093496141934
      ],
      [
       -97.66217186524858,
       30.43708736967445
      ],
      [
       -97.66219318250263,
       30.437107079170545
      ],
      [
       -97.66218556251722,
       30.437113205638024
      ],
      [
       -97.66216424526317,
       30.437093496141934
      ]
     ]
    ]
   }
  },
  {
   "type": "Feature",
   "properties": {
    "id": "04-A1",
    "lot": 4,
    "space": "A1",
    "status": "buried",
    "color": "red"
   },
   "geometry": {
    "type": "Polygon",
    "coordinates": [
     [
      [
       -97.66202855001346,
       30.43716617584616
      ],
      [
       -97.66203616999887,
       30.437160049378676
      ],
      [
       -97.66205748725294,
       30.437179758874766
      ],
      [
       -97.66204986726753,
       30.43718588534225
      ],
      [
       -97.66202855001346,
       30.43716617584616
      ]
     ]
    ]
   }
  },
  {
   "type": "Feature",
   "properties": {
    "id": "04-A2",
    "lot": 4,
    "space": "A2",
    "status": "occupied",
    "color": "darkblue",
    "person": {
     "name": "YUSUFALI, Mohamedraza",
     "burial": "2004-03-24"
    }
   },
   "geometry": {
    "type": "Polygon",
    "coordinates": [
     [
      [
       -97.66203616999887,
       30.437160049378676
      ],
      [
       -97.6620437899843,
       30.437153922911193
      ],
      [
       -97.66206510723835,
       30.437173632407283
      ],
      [
       -97.66205748725294,
       30.437179758874766
      ],
      [
       -97.66203616999887,
       30.437160049378676
      ]
     ]
    ]
   }
  },
  {
   "type": "Feature",
   "properties": {
    "id": "04-A3",
    "lot": 4,
    "space": "A3",
    "status": "buried",
    "color": "red"
   },
   "geometry": {
    "type": "Polygon",
    "coordinates": [
     [
      [
       -97.6620437899843,
       30.437153922911193
      ],
      [
       -97.6620514099697,
       30.437147796443714
      ],
      [
       -97.66207272722376,
       30.437167505939804
      ],
      [
       -97.66206510723835,
       30.437173632407283
      ],
      [
       -97.6620437899843,
       30.437153922911193
      ]
     ]
    ]
   }
  },
  {
   "type": "Feature",
   "properties": {
    "id": "04-A4",
    "lot": 4,
    "space": "A4",
    "status": "occupied",
    "color": "darkblue",
    "person": {
     "name": "VAFAEE, Hossein",
     "burial": "2004-02-04"
    }
   },
   "geometry": {
    "type": "Polygon",
    "coordinates": [
     [
      [
       -97.6620514099697,
       30.437147796443714
      ],
      [
       -97.66205902995512,
       30.43714166997623
      ],
      [
       -97.66208034720918,
       30.43716137947232
      ],
      [
       -97.66207272722376,
       30.437167505939804
      ],
      [
       -97.6620514099697,
       30.437147796443714
      ]
     ]
    ]
   }
  },
  {
   "type": "Feature",
   "properties": {
    "id": "04-B1",
    "lot": 4,
    "space": "B1",
    "status": "occupied",
    "color": "darkblue",
    "person": {
     "name": "VAFAEE, Abdolreza",
     "burial": "2016-06-16"
    }
   },
   "geometry": {
    "type": "Polygon",
    "coordinates": [
     [
      [
       -97.66205902995512,
       30.43714166997623
      ],
      [
       -97.66206664994053,
       30.43713554350875
      ],
      [
       -97.6620879671946,
       30.43715525300484
      ],
      [
       -97.66208034720918,
       30.43716137947232
      ],
      [
       -97.66205902995512,
       30.43714166997623
      ]
     ]
    ]
   }
  },
  {
   "type": "Feature",
   "properties": {
    "id": "04-C1",
    "lot": 4,
    "space": "C1",
    "status": "unowned",
    "color": "white"
   },
   "geometry": {
    "type": "Polygon",
    "coordinates": [
     [
      [
       -97.66204986726753,
       30.43718588534225
      ],
      [
       -97.66205748725294,
       30.437179758874766
      ],
      [
       -97.662078804507,
       30.437199468370856
      ],
      [
       -97.66207118452158,
       30.43720559483834
      ],
      [
       -97.66204986726753,
       30.43718588534225
      ]
     ]
    ]
   }
  },
  {
   "type": "Feature",
   "properties": {
    "id": "04-C2",
    "lot": 4,
    "space": "C2",
    "status": "vacant",
    "color": "lightblue",
    "owner": "YUSUFALI, Hasnain"
   },
   "geometry": {
    "type": "Polygon",
    "coordinates": [
     [
      [
       -97.66205748725294,
       30.437179758874766
      ],
      [
       -97.66206510723835,
       30.437173632407283
      ],
      [
       -97.66208642449241,
       30.437193341903377
      ],
      [
       -97.662078804507,
       30.437199468370856
      ],
      [
       -97.66205748725294,
       30.437179758874766
      ]
     ]
    ]
   }
  },
  {
   "type": "Feature",
   "properties": {
    "id": "04-C3",
    "lot": 4,
    "space": "C3",
    "status": "vacant",
    "color": "lightblue",
    "owner": "YUSUFALI, Hasnain"
   },
   "geometry": {
    "type": "Polygon",
    "coordinates": [
     [
      [
       -97.66206510723835,
       30.437173632407283
      ],
      [
       -97.66207272722376,
       30.437167505939804
      ],
      [
       -97.66209404447783,
       30.437187215435895
      ],
      [
       -97.66208642449241,
       30.437193341903377
      ],
      [
       -97.66206510723835,
       30.437173632407283
      ]
     ]
    ]
   }
  },
  {
   "type": "Feature",
   "properties": {
    "id": "04-C4",
    "lot": 4,
    "space": "C4",
    "status": "occupied",
    "color": "darkblue",
    "person": {
     "name": "DEWJI, Mansura",
     "burial": "2009-08-25"
    }
   },
   "geometry": {
    "type": "Polygon",
    "coordinates": [
     [
      [
       -97.66207272722376,
       30.437167505939804
      ],
      [
       -97.66208034720918,
       30.43716137947232
      ],
      [
       -97.66210166446324,
       30.437181088968412
      ],
      [
       -97.66209404447783,
       30.437187215435895
      ],
      [
       -97.66207272722376,
       30.437167505939804
      ]
     ]
    ]
   }
  },
  {
   "type": "Feature",
   "properties": {
    "id": "04-D1",
    "lot": 4,
    "space": "D1",
    "status": "occupied",
    "color": "darkblue",
    "person": {
     "name": "SANAEE, Zeinab",
     "burial": "2016-09-26"
    }
   },
   "geometry": {
    "type": "Polygon",
    "coordinates": [
     [
      [
       -97.66208034720918,
       30.43716137947232
      ],
      [
       -97.6620879671946,
       30.43715525300484
      ],
      [
       -97.66210928444865,
       30.43717496250093
      ],
      [
       -97.66210166446324,
       30.437181088968412
      ],
      [
       -97.66208034720918,
       30.43716137947232
      ]
     ]
    ]
   }
  },
  {
   "type": "Feature",
   "properties": {
    "id": "05-A1",
    "lot": 5,
    "space": "A1",
    "status": "vacant",
    "color": "lightblue",
    "owner": "MERALI, Taha"
   },
   "geometry": {
    "type": "Polygon",
    "coordinates": [
     [
      [
       -97.66196726449893,
       30.437215055865114
      ],
      [
       -97.66197488448434,
       30.437208929397634
      ],
      [
       -97.6619962017384,
       30.437228638893725
      ],
      [
       -97.66198858175298,
       30.437234765361204
      ],
      [
       -97.66196726449893,
       30.437215055865114
      ]
     ]
    ]
   }
  },
  {
   "type": "Feature",
   "properties": {
    "id": "05-A2",
    "lot": 5,
    "space": "A2",
    "status": "vacant",
    "color": "lightblue",
    "owner": "MERALI, Taha"
   },
   "geometry": {
    "type": "Polygon",
    "coordinates": [
     [
      [
       -97.66197488448434,
       30.437208929397634
      ],
      [
       -97.66198250446975,
       30.437202802930152
      ],
      [
       -97.66200382172381,
       30.437222512426242
      ],
      [
       -97.6619962017384,
       30.437228638893725
      ],
      [
       -97.66197488448434,
       30.437208929397634
      ]
     ]
    ]
   }
  },
  {
   "type": "Feature",
   "properties": {
    "id": "05-A3",
    "lot": 5,
    "space": "A3",
    "status": "buried",
    "color": "red"
   },
   "geometry": {
    "type": "Polygon",
    "coordinates": [
     [
      [
       -97.66198250446975,
       30.437202802930152
      ],
      [
       -97.66199012445516,
       30.43719667646267
      ],
      [
       -97.66201144170923,
       30.43721638595876
      ],
      [
       -97.66200382172381,
       30.437222512426242
      ],
      [
       -97.66198250446975,
       30.437202802930152
      ]
     ]
    ]
   }
  },
  {
   "type": "Feature",
   "properties": {
    "id": "05-A4",
    "lot": 5,
    "space": "A4",
    "status": "buried",
    "color": "red"
   },
   "geometry": {
    "type": "Polygon",
    "coordinates": [
     [
      [
       -97.66199012445516,
       30.43719667646267
      ],
      [
       -97.66199774444058,
       30.437190549995186
      ],
      [
       -97.66201906169464,
       30.43721025949128
      ],
      [
       -97.66201144170923,
       30.43721638595876
      ],
      [
       -97.66199012445516,
       30.43719667646267
      ]
     ]
    ]
   }
  },
  {
   "type": "Feature",
   "properties": {
    "id": "05-B1",
    "lot": 5,
    "space": "B1",
    "status": "buried",
    "color": "red"
   },
   "geometry": {
    "type": "Polygon",
    "coordinates": [
     [
      [
       -97.66199774444058,
       30.437190549995186
      ],
      [
       -97.662005364426,
       30.437184423527707
      ],
      [
       -97.66202668168005,
       30.437204133023798
      ],
      [
       -97.66201906169464,
       30.43721025949128
      ],
      [
       -97.66199774444058,
       30.437190549995186
      ]
     ]
    ]
   }
  },
  {
   "type": "Feature",
   "properties": {
    "id": "05-B2",
    "lot": 5,
    "space": "B2",
    "status": "unowned",
    "color": "white"
   },
   "geometry": {
    "type": "Polygon",
    "coordinates": [
     [
      [
       -97.662005364426,
       30.437184423527707
      ],
      [
       -97.6620129844114,
       30.437178297060225
      ],
      [
       -97.66203430166546,
       30.437198006556315
      ],
      [
       -97.66202668168005,
       30.437204133023798
      ],
      [
       -97.662005364426,
       30.437184423527707
      ]
     ]
    ]
   }
  },
  {
   "type": "Feature",
   "properties": {
    "id": "05-B3",
    "lot": 5,
    "space": "B3",
    "status": "vacant",
    "color": "lightblue",
    "owner": "DEWJI, Bashir"
   },
   "geometry": {
    "type": "Polygon",
    "coordinates": [
     [
      [
       -97.6620129844114,
       30.437178297060225
      ],
      [
       -97.66202060439682,
       30.437172170592742
      ],
      [
       -97.66204192165088,
       30.437191880088832
      ],
      [
       -97.66203430166546,
       30.437198006556315
      ],
      [
       -97.6620129844114,
       30.437178297060225
      ]
     ]
    ]
   }
  },
  {
   "type": "Feature",
   "properties": {
    "id": "05-B4",
    "lot": 5,
    "space": "B4",
    "status": "occupied",
    "color": "darkblue",
    "person": {
     "name": "DEWJI, Alizain",
     "burial": "2002-08-12"
    }
   },
   "geometry": {
    "type": "Polygon",
    "coordinates": [
     [
      [
       -97.66202060439682,
       30.437172170592742
      ],
      [
       -97.66202822438223,
       30.43716604412526
      ],
      [
       -97.66204954163629,
       30.437185753621353
      ],
      [
       -97.66204192165088,
       30.437191880088832
      ],
      [
       -97.66202060439682,
       30.437172170592742
      ]
     ]
    ]
   }
  },
  {
   "type": "Feature",
   "properties": {
    "id": "05-C1",
    "lot": 5,
    "space": "C1",
    "status": "vacant",
    "color": "lightblue",
    "owner": "JUMA, Kumeil"
   },
   "geometry": {
    "type": "Polygon",
    "coordinates": [
     [
      [
       -97.66198858175298,
       30.437234765361204
      ],
      [
       -97.6619962017384,
       30.437228638893725
      ],
      [
       -97.66201751899246,
       30.437248348389815
      ],
      [
       -97.66200989900705,
       30.437254474857298
      ],
      [
       -97.66198858175298,
       30.437234765361204
      ]
     ]
    ]
   }
  },
  {
   "type": "Feature",
   "properties": {
    "id": "05-C3",
    "lot": 5,
    "space": "C3",
    "status": "unusable",
    "color": "green"
   },
   "geometry": {
    "type": "Polygon",
    "coordinates": [
     [
      [
       -97.66200382172381,
       30.437222512426242
      ],
      [
       -97.66201144170923,
       30.43721638595876
      ],
      [
       -97.66203275896329,
       30.437236095454853
      ],
      [
       -97.66202513897787,
       30.437242221922332
      ],
      [
       -97.66200382172381,
       30.437222512426242
      ]
     ]
    ]
   }
  },
  {
   "type": "Feature",
   "properties": {
    "id": "05-C4",
    "lot": 5,
    "space": "C4",
    "status": "unusable",
    "color": "green"
   },
   "geometry": {
    "type": "Polygon",
    "coordinates": [
     [
      [
       -97.66201144170923,
       30.43721638595876
      ],
      [
       -97.66201906169464,
       30.43721025949128
      ],
      [
       -97.6620403789487,
       30.43722996898737
      ],
      [
       -97.66203275896329,
       30.437236095454853
      ],
      [
       -97.66201144170923,
       30.43721638595876
      ]
     ]
    ]
   }
  },
  {
   "type": "Feature",
   "properties": {
    "id": "05-D1",
    "lot": 5,
    "space": "D1",
    "status": "unowned",
    "color": "white"
   },
   "geometry": {
    "type": "Polygon",
    "coordinates": [
     [
      [
       -97.66201906169464,
       30.43721025949128
      ],
      [
       -97.66202668168005,
       30.437204133023798
      ],
      [
       -97.66204799893411,
       30.437223842519888
      ],
      [
       -97.6620403789487,
       30.43722996898737
      ],
      [
       -97.66201906169464,
       30.43721025949128
      ]
     ]
    ]
   }
  },
  {
   "type": "Feature",
   "properties": {
    "id": "05-D2",
    "lot": 5,
    "space": "D2",
    "status": "unowned",
    "color": "white"
   },
   "geometry": {
    "type": "Polygon",
    "coordinates": [
     [
      [
       -97.66202668168005,
       30.437204133023798
      ],
      [
       -97.66203430166546,
       30.437198006556315
      ],
      [
       -97.66205561891952,
       30.437217716052405
      ],
      [
       -97.66204799893411,
       30.437223842519888
      ],
      [
       -97.66202668168005,
       30.437204133023798
      ]
     ]
    ]
   }
  },
  {
   "type": "Feature",
   "properties": {
    "id": "05-D3",
    "lot": 5,
    "space": "D3",
    "status": "buried",
    "color": "red"
   },
   "geometry": {
    "type": "Polygon",
    "coordinates": [
     [
      [
       -97.66203430166546,
       30.437198006556315
      ],
      [
       -97.66204192165088,
       30.437191880088832
      ],
      [
       -97.66206323890493,
       30.437211589584926
      ],
      [
       -97.66205561891952,
       30.437217716052405
      ],
      [
       -97.66203430166546,
       30.437198006556315
      ]
     ]
    ]
   }
  },
  {
   "type": "Feature",
   "properties": {
    "id": "05-D4",
    "lot": 5,
    "space": "D4",
    "status": "buried",
    "color": "red"
   },
   "geometry": {
    "type": "Polygon",
    "coordinates": [
     [
      [
       -97.66204192165088,
       30.437191880088832
      ],
      [
       -97.66204954163629,
       30.437185753621353
      ],
      [
       -97.66207085889035,
       30.437205463117444
      ],
      [
       -97.66206323890493,
       30.437211589584926
      ],
      [
       -97.66204192165088,
       30.437191880088832
      ]
     ]
    ]
   }
  },
  {
   "type": "Feature",
   "properties": {
    "id": "06-C3",
    "lot": 6,
    "space": "C3",
    "status": "occupied",
    "color": "darkblue",
    "person": {
     "name": "SHAFIGHI, Zeenat",
     "burial": "2006-03-11"
    }
   },
   "geometry": {
    "type": "Polygon",
    "coordinates": [
     [
      [
       -97.66194297298294,
       30.437271721010042
      ],
      [
       -97.66195059296837,
       30.43726559454256
      ],
      [
       -97.66197191022242,
       30.437285304038653
      ],
      [
       -97.66196429023701,
       30.437291430506132
      ],
      [
       -97.66194297298294,
       30.437271721010042
      ]
     ]
    ]
   }
  },
  {
   "type": "Feature",
   "properties": {
    "id": "06-C4",
    "lot": 6,
    "space": "C4",
    "status": "occupied",
    "color": "darkblue",
    "person": {
     "name": "SHAFIGHI, Mohamed",
     "burial": "2007-04-05"
    }
   },
   "geometry": {
    "type": "Polygon",
    "coordinates": [
     [
      [
       -97.66195059296837,
       30.43726559454256
      ],
      [
       -97.66195821295378,
       30.43725946807508
      ],
      [
       -97.66197953020783,
       30.43727917757117
      ],
      [
       -97.66197191022242,
       30.437285304038653
      ],
      [
       -97.66195059296837,
       30.43726559454256
      ]
     ]
    ]
   }
  },
  {
   "type": "Feature",
   "properties": {
    "id": "06-D1",
    "lot": 6,
    "space": "D1",
    "status": "vacant",
    "color": "lightblue",
    "owner": "BANDALI, Abbas"
   },
   "geometry": {
    "type": "Polygon",
    "coordinates": [
     [
      [
       -97.66195821295378,
       30.43725946807508
      ],
      [
       -97.66196583293919,
       30.437253341607597
      ],
      [
       -97.66198715019324,
       30.437273051103688
      ],
      [
       -97.66197953020783,
       30.43727917757117
      ],
      [
       -97.66195821295378,
       30.43725946807508
      ]
     ]
    ]
   }
  },
  {
   "type": "Feature",
   "properties": {
    "id": "06-D2",
    "lot": 6,
    "space": "D2",
    "status": "vacant",
    "color": "lightblue",
    "owner": "BANDALI, Abbas"
   },
   "geometry": {
    "type": "Polygon",
    "coordinates": [
     [
      [
       -97.66196583293919,
       30.437253341607597
      ],
      [
       -97.6619734529246,
       30.437247215140115
      ],
      [
       -97.66199477017867,
       30.437266924636205
      ],
      [
       -97.66198715019324,
       30.437273051103688
      ],
      [
       -97.66196583293919,
       30.437253341607597
      ]
     ]
    ]
   }
  },
  {
   "type": "Feature",
   "properties": {
    "id": "06-D3",
    "lot": 6,
    "space": "D3",
    "status": "unowned",
    "color": "white"
   },
   "geometry": {
    "type": "Polygon",
    "coordinates": [
     [
      [
       -97.6619734529246,
       30.437247215140115
      ],
      [
       -97.66198107291001,
       30.437241088672636
      ],
      [
       -97.66200239016408,
       30.437260798168726
      ],
      [
       -97.66199477017867,
       30.437266924636205
      ],
      [
       -97.6619734529246,
       30.437247215140115
      ]
     ]
    ]
   }
  },
  {
   "type": "Feature",
   "properties": {
    "id": "06-D4",
    "lot": 6,
    "space": "D4",
    "status": "unowned",
    "color": "white"
   },
   "geometry": {
    "type": "Polygon",
    "coordinates": [
     [
      [
       -97.66198107291001,
       30.437241088672636
      ],
      [
       -97.66198869289542,
       30.437234962205153
      ],
      [
       -97.66201001014949,
       30.437254671701243
      ],
      [
       -97.66200239016408,
       30.437260798168726
      ],
      [
       -97.66198107291001,
       30.437241088672636
      ]
     ]
    ]
   }
  },
  {
   "type": "Feature",
   "properties": {
    "id": "07-A1",
    "lot": 7,
    "space": "A1",
    "status": "buried",
    "color": "red"
   },
   "geometry": {
    "type": "Polygon",
    "coordinates": [
     [
      [
       -97.66213240149689,
       30.43715687725084
      ],
      [
       -97.6621400214823,
       30.437150750783356
      ],
      [
       -97.66216133873637,
       30.437170460279447
      ],
      [
       -97.66215371875096,
       30.43717658674693
      ],
      [
       -97.66213240149689,
       30.43715687725084
      ]
     ]
    ]
   }
  },
  {
   "type": "Feature",
   "properties": {
    "id": "07-A2",
    "lot": 7,
    "space": "A2",
    "status": "unowned",
    "color": "white"
   },
   "geometry": {
    "type": "Polygon",
    "coordinates": [
     [
      [
       -97.6621400214823,
       30.437150750783356
      ],
      [
       -97.66214764146773,
       30.437144624315874
      ],
      [
       -97.66216895872178,
       30.437164333811968
      ],
      [
       -97.66216133873637,
       30.437170460279447
      ],
      [
       -97.6621400214823,
       30.437150750783356
      ]
     ]
    ]
   }
  },
  {
   "type": "Feature",
   "properties": {
    "id": "07-A3",
    "lot": 7,
    "space": "A3",
    "status": "unowned",
    "color": "white"
   },
   "geometry": {
    "type": "Polygon",
    "coordinates": [
     [
      [
       -97.66214764146773,
       30.437144624315874
      ],
      [
       -97.66215526145314,
       30.437138497848395
      ],
      [
       -97.66217657870719,
       30.437158207344485
      ],
      [
       -97.66216895872178,
       30.437164333811968
      ],
      [
       -97.66214764146773,
       30.437144624315874
      ]
     ]
    ]
   }
  },
  {
   "type": "Feature",
   "properties": {
    "id": "07-A4",
    "lot": 7,
    "space": "A4",
    "status": "unowned",
    "color": "white"
   },
   "geometry": {
    "type": "Polygon",
    "coordinates": [
     [
      [
       -97.66215526145314,
       30.437138497848395
      ],
      [
       -97.66216288143855,
       30.437132371380912
      ],
      [
       -97.6621841986926,
       30.437152080877002
      ],
      [
       -97.66217657870719,
       30.437158207344485
      ],
      [
       -97.66215526145314,
       30.437138497848395
      ]
     ]
    ]
   }
  },
  {
   "type": "Feature",
   "properties": {
    "id": "07-B1",
    "lot": 7,
    "space": "B1",
    "status": "unowned",
    "color": "white"
   },
   "geometry": {
    "type": "Polygon",
    "coordinates": [
     [
      [
       -97.66216288143855,
       30.437132371380912
      ],
      [
       -97.66217050142396,
       30.43712624491343
      ],
      [
       -97.66219181867802,
       30.43714595440952
      ],
      [
       -97.6621841986926,
       30.437152080877002
      ],
      [
       -97.66216288143855,
       30.437132371380912
      ]
     ]
    ]
   }
  },
  {
   "type": "Feature",
   "properties": {
    "id": "07-B2",
    "lot": 7,
    "space": "B2",
    "status": "unowned",
    "color": "white"
   },
   "geometry": {
    "type": "Polygon",
    "coordinates": [
     [
      [
       -97.66217050142396,
       30.43712624491343
      ],
      [
       -97.66217812140937,
       30.43712011844595
      ],
      [
       -97.66219943866344,
       30.43713982794204
      ],
      [
       -97.66219181867802,
       30.43714595440952
      ],
      [
       -97.66217050142396,
       30.43712624491343
      ]
     ]
    ]
   }
  },
  {
   "type": "Feature",
   "properties": {
    "id": "07-B3",
    "lot": 7,
    "space": "B3",
    "status": "unowned",
    "color": "white"
   },
   "geometry": {
    "type": "Polygon",
    "coordinates": [
     [
      [
       -97.66217812140937,
       30.43712011844595
      ],
      [
       -97.66218574139478,
       30.437113991978467
      ],
      [
       -97.66220705864885,
       30.437133701474558
      ],
      [
       -97.66219943866344,
       30.43713982794204
      ],
      [
       -97.66217812140937,
       30.43712011844595
      ]
     ]
    ]
   }
  },
  {
   "type": "Feature",
   "properties": {
    "id": "07-B4",
    "lot": 7,
    "space": "B4",
    "status": "buried",
    "color": "red"
   },
   "geometry": {
    "type": "Polygon",
    "coordinates": [
     [
      [
       -97.66218574139478,
       30.437113991978467
      ],
      [
       -97.66219336138019,
       30.437107865510985
      ],
      [
       -97.66221467863426,
       30.437127575007075
      ],
      [
       -97.66220705864885,
       30.437133701474558
      ],
      [
       -97.66218574139478,
       30.437113991978467
      ]
     ]
    ]
   }
  },
  {
   "type": "Feature",
   "properties": {
    "id": "07-C1",
    "lot": 7,
    "space": "C1",
    "status": "unowned",
    "color": "white"
   },
   "geometry": {
    "type": "Polygon",
    "coordinates": [
     [
      [
       -97.66215371875096,
       30.43717658674693
      ],
      [
       -97.66216133873637,
       30.437170460279447
      ],
      [
       -97.66218265599043,
       30.43719016977554
      ],
      [
       -97.66217503600501,
       30.43719629624302
      ],
      [
       -97.66215371875096,
       30.43717658674693
      ]
     ]
    ]
   }
  },
  {
   "type": "Feature",
   "properties": {
    "id": "07-C2",
    "lot": 7,
    "space": "C2",
    "status": "buried",
    "color": "red"
   },
   "geometry": {
    "type": "Polygon",
    "coordinates": [
     [
      [
       -97.66216133873637,
       30.437170460279447
      ],
      [
       -97.66216895872178,
       30.437164333811968
      ],
      [
       -97.66219027597585,
       30.437184043308058
      ],
      [
       -97.66218265599043,
       30.43719016977554
      ],
      [
       -97.66216133873637,
       30.437170460279447
      ]
     ]
    ]
   }
  },
  {
   "type": "Feature",
   "properties": {
    "id": "07-C3",
    "lot": 7,
    "space": "C3",
    "status": "unowned",
    "color": "white"
   },
   "geometry": {
    "type": "Polygon",
    "coordinates": [
     [
      [
       -97.66216895872178,
       30.437164333811968
      ],
      [
       -97.66217657870719,
       30.437158207344485
      ],
      [
       -97.66219789596126,
       30.437177916840575
      ],
      [
       -97.66219027597585,
       30.437184043308058
      ],
      [
       -97.66216895872178,
       30.437164333811968
      ]
     ]
    ]
   }
  },
  {
   "type": "Feature",
   "properties": {
    "id": "07-C4",
    "lot": 7,
    "space": "C4",
    "status": "buried",
    "color": "red"
   },
   "geometry": {
    "type": "Polygon",
    "coordinates": [
     [
      [
       -97.66217657870719,
       30.437158207344485
      ],
      [
       -97.6621841986926,
       30.437152080877002
      ],
      [
       -97.66220551594667,
       30.437171790373093
      ],
      [
       -97.66219789596126,
       30.437177916840575
      ],
      [
       -97.66217657870719,
       30.437158207344485
      ]
     ]
    ]
   }
  },
  {
   "type": "Feature",
   "properties": {
    "id": "07-D1",
    "lot": 7,
    "space": "D1",
    "status": "unowned",
    "color": "white"
   },
   "geometry": {
    "type": "Polygon",
    "coordinates": [
     [
      [
       -97.6621841986926,
       30.437152080877002
      ],
      [
       -97.66219181867802,
       30.43714595440952
      ],
      [
       -97.66221313593208,
       30.437165663905613
      ],
      [
       -97.66220551594667,
       30.437171790373093
      ],
      [
       -97.6621841986926,
       30.437152080877002
      ]
     ]
    ]
   }
  },
  {
   "type": "Feature",
   "properties": {
    "id": "07-D2",
    "lot": 7,
    "space": "D2",
    "status": "unowned",
    "color": "white"
   },
   "geometry": {
    "type": "Polygon",
    "coordinates": [
     [
      [
       -97.66219181867802,
       30.43714595440952
      ],
      [
       -97.66219943866344,
       30.43713982794204
      ],
      [
       -97.66222075591749,
       30.43715953743813
      ],
      [
       -97.66221313593208,
       30.437165663905613
      ],
      [
       -97.66219181867802,
       30.43714595440952
      ]
     ]
    ]
   }
  },
  {
   "type": "Feature",
   "properties": {
    "id": "07-D3",
    "lot": 7,
    "space": "D3",
    "status": "unowned",
    "color": "white"
   },
   "geometry": {
    "type": "Polygon",
    "coordinates": [
     [
      [
       -97.66219943866344,
       30.43713982794204
      ],
      [
       -97.66220705864885,
       30.437133701474558
      ],
      [
       -97.6622283759029,
       30.437153410970648
      ],
      [
       -97.66222075591749,
       30.43715953743813
      ],
      [
       -97.66219943866344,
       30.43713982794204
      ]
     ]
    ]
   }
  },
  {
   "type": "Feature",
   "properties": {
    "id": "07-D4",
    "lot": 7,
    "space": "D4",
    "status": "buried",
    "color": "red"
   },
   "geometry": {
    "type": "Polygon",
    "coordinates": [
     [
      [
       -97.66220705864885,
       30.437133701474558
      ],
      [
       -97.66221467863426,
       30.437127575007075
      ],
      [
       -97.66223599588832,
       30.437147284503165
      ],
      [
       -97.6622283759029,
       30.437153410970648
      ],
      [
       -97.66220705864885,
       30.437133701474558
      ]
     ]
    ]
   }
  },
  {
   "type": "Feature",
   "properties": {
    "id": "08-A1",
    "lot": 8,
    "space": "A1",
    "status": "buried",
    "color": "red"
   },
   "geometry": {
    "type": "Polygon",
    "coordinates": [
     [
      [
       -97.66207117807144,
       30.437205814676094
      ],
      [
       -97.66207879805685,
       30.43719968820861
      ],
      [
       -97.66210011531092,
       30.437219397704705
      ],
      [
       -97.66209249532551,
       30.437225524172185
      ],
      [
       -97.66207117807144,
       30.437205814676094
      ]
     ]
    ]
   }
  },
  {
   "type": "Feature",
   "properties": {
    "id": "08-A2",
    "lot": 8,
    "space": "A2",
    "status": "unowned",
    "color": "white"
   },
   "geometry": {
    "type": "Polygon",
    "coordinates": [
     [
      [
       -97.66207879805685,
       30.43719968820861
      ],
      [
       -97.66208641804226,
       30.437193561741132
      ],
      [
       -97.66210773529633,
       30.437213271237223
      ],
      [
       -97.66210011531092,
       30.437219397704705
      ],
      [
       -97.66207879805685,
       30.43719968820861
      ]
     ]
    ]
   }
  },
  {
   "type": "Feature",
   "properties": {
    "id": "08-A3",
    "lot": 8,
    "space": "A3",
    "status": "buried",
    "color": "red"
   },
   "geometry": {
    "type": "Polygon",
    "coordinates": [
     [
      [
       -97.66208641804226,
       30.437193561741132
      ],
      [
       -97.66209403802769,
       30.43718743527365
      ],
      [
       -97.66211535528174,
       30.43720714476974
      ],
      [
       -97.66210773529633,
       30.437213271237223
      ],
      [
       -97.66208641804226,
       30.437193561741132
      ]
     ]
    ]
   }
  },
  {
   "type": "Feature",
   "properties": {
    "id": "08-A4",
    "lot": 8,
    "space": "A4",
    "status": "unowned",
    "color": "white"
   },
   "geometry": {
    "type": "Polygon",
    "coordinates": [
     [
      [
       -97.66209403802769,
       30.43718743527365
      ],
      [
       -97.6621016580131,
       30.437181308806167
      ],
      [
       -97.66212297526715,
       30.43720101830226
      ],
      [
       -97.66211535528174,
       30.43720714476974
      ],
      [
       -97.66209403802769,
       30.43718743527365
      ]
     ]
    ]
   }
  },
  {
   "type": "Feature",
   "properties": {
    "id": "08-B1",
    "lot": 8,
    "space": "B1",
    "status": "vacant",
    "color": "lightblue",
    "owner": "SHERAZE, Mohamed"
   },
   "geometry": {
    "type": "Polygon",
    "coordinates": [
     [
      [
       -97.6621016580131,
       30.437181308806167
      ],
      [
       -97.66210927799851,
       30.437175182338688
      ],
      [
       -97.66213059525256,
       30.43719489183478
      ],
      [
       -97.66212297526715,
       30.43720101830226
      ],
      [
       -97.6621016580131,
       30.437181308806167
      ]
     ]
    ]
   }
  },
  {
   "type": "Feature",
   "properties": {
    "id": "08-C1",
    "lot": 8,
    "space": "C1",
    "status": "buried",
    "color": "red"
   },
   "geometry": {
    "type": "Polygon",
    "coordinates": [
     [
      [
       -97.66209249532551,
       30.437225524172185
      ],
      [
       -97.66210011531092,
       30.437219397704705
      ],
      [
       -97.66212143256497,
       30.437239107200796
      ],
      [
       -97.66211381257956,
       30.43724523366828
      ],
      [
       -97.66209249532551,
       30.437225524172185
      ]
     ]
    ]
   }
  },
  {
   "type": "Feature",
   "properties": {
    "id": "08-C2",
    "lot": 8,
    "space": "C2",
    "status": "unowned",
    "color": "white"
   },
   "geometry": {
    "type": "Polygon",
    "coordinates": [
     [
      [
       -97.66210011531092,
       30.437219397704705
      ],
      [
       -97.66210773529633,
       30.437213271237223
      ],
      [
       -97.6621290525504,
       30.437232980733313
      ],
      [
       -97.66212143256497,
       30.437239107200796
      ],
      [
       -97.66210011531092,
       30.437219397704705
      ]
     ]
    ]
   }
  },
  {
   "type": "Feature",
   "properties": {
    "id": "08-C3",
    "lot": 8,
    "space": "C3",
    "status": "unowned",
    "color": "white"
   },
   "geometry": {
    "type": "Polygon",
    "coordinates": [
     [
      [
       -97.66210773529633,
       30.437213271237223
      ],
      [
       -97.66211535528174,
       30.43720714476974
      ],
      [
       -97.66213667253581,
       30.43722685426583
      ],
      [
       -97.6621290525504,
       30.437232980733313
      ],
      [
       -97.66210773529633,
       30.437213271237223
      ]
     ]
    ]
   }
  },
  {
   "type": "Feature",
   "properties": {
    "id": "08-C4",
    "lot": 8,
    "space": "C4",
    "status": "buried",
    "color": "red"
   },
   "geometry": {
    "type": "Polygon",
    "coordinates": [
     [
      [
       -97.66211535528174,
       30.43720714476974
      ],
      [
       -97.66212297526715,
       30.43720101830226
      ],
      [
       -97.66214429252122,
       30.43722072779835
      ],
      [
       -97.66213667253581,
       30.43722685426583
      ],
      [
       -97.66211535528174,
       30.43720714476974
      ]
     ]
    ]
   }
  },
  {
   "type": "Feature",
   "properties": {
    "id": "08-D1",
    "lot": 8,
    "space": "D1",
    "status": "unowned",
    "color": "white"
   },
   "geometry": {
    "type": "Polygon",
    "coordinates": [
     [
      [
       -97.66212297526715,
       30.43720101830226
      ],
      [
       -97.66213059525256,
       30.43719489183478
      ],
      [
       -97.66215191250663,
       30.43721460133087
      ],
      [
       -97.66214429252122,
       30.43722072779835
      ],
      [
       -97.66212297526715,
       30.43720101830226
      ]
     ]
    ]
   }
  },
  {
   "type": "Feature",
   "properties": {
    "id": "09-A1",
    "lot": 9,
    "space": "A1",
    "status": "vacant",
    "color": "lightblue",
    "owner": "YUSUFALI, Jabir"
   },
   "geometry": {
    "type": "Polygon",
    "coordinates": [
     [
      [
       -97.6620100601424,
       30.4372544168551
      ],
      [
       -97.66201768012782,
       30.437248290387622
      ],
      [
       -97.66203899738187,
       30.437267999883712
      ],
      [
       -97.66203137739646,
       30.437274126351195
      ],
      [
       -97.6620100601424,
       30.4372544168551
      ]
     ]
    ]
   }
  },
  {
   "type": "Feature",
   "properties": {
    "id": "09-A2",
    "lot": 9,
    "space": "A2",
    "status": "vacant",
    "color": "lightblue",
    "owner": "YUSUFALI, Munaver"
   },
   "geometry": {
    "type": "Polygon",
    "coordinates": [
     [
      [
       -97.66201768012782,
       30.437248290387622
      ],
      [
       -97.66202530011323,
       30.43724216392014
      ],
      [
       -97.6620466173673,
       30.43726187341623
      ],
      [
       -97.66203899738187,
       30.437267999883712
      ],
      [
       -97.66201768012782,
       30.437248290387622
      ]
     ]
    ]
   }
  },
  {
   "type": "Feature",
   "properties": {
    "id": "09-A3",
    "lot": 9,
    "space": "A3",
    "status": "vacant",
    "color": "lightblue",
    "owner": "YUSUFALI, Munaver"
   },
   "geometry": {
    "type": "Polygon",
    "coordinates": [
     [
      [
       -97.66202530011323,
       30.43724216392014
      ],
      [
       -97.66203292009864,
       30.437236037452656
      ],
      [
       -97.6620542373527,
       30.437255746948747
      ],
      [
       -97.6620466173673,
       30.43726187341623
      ],
      [
       -97.66202530011323,
       30.43724216392014
      ]
     ]
    ]
   }
  },
  {
   "type": "Feature",
   "properties": {
    "id": "09-A4",
    "lot": 9,
    "space": "A4",
    "status": "unowned",
    "color": "white"
   },
   "geometry": {
    "type": "Polygon",
    "coordinates": [
     [
      [
       -97.66203292009864,
       30.437236037452656
      ],
      [
       -97.66204054008405,
       30.437229910985177
      ],
      [
       -97.66206185733812,
       30.437249620481268
      ],
      [
       -97.6620542373527,
       30.437255746948747
      ],
      [
       -97.66203292009864,
       30.437236037452656
      ]
     ]
    ]
   }
  },
  {
   "type": "Feature",
   "properties": {
    "id": "09-B1",
    "lot": 9,
    "space": "B1",
    "status": "unowned",
    "color": "white"
   },
   "geometry": {
    "type": "Polygon",
    "coordinates": [
     [
      [
       -97.66204054008405,
       30.437229910985177
      ],
      [
       -97.66204816006946,
       30.437223784517695
      ],
      [
       -97.66206947732353,
       30.437243494013785
      ],
      [
       -97.66206185733812,
       30.437249620481268
      ],
      [
       -97.66204054008405,
       30.437229910985177
      ]
     ]
    ]
   }
  },
  {
   "type": "Feature",
   "properties": {
    "id": "09-B2",
    "lot": 9,
    "space": "B2",
    "status": "unowned",
    "color": "white"
   },
   "geometry": {
    "type": "Polygon",
    "coordinates": [
     [
      [
       -97.66204816006946,
       30.437223784517695
      ],
      [
       -97.66205578005489,
       30.437217658050212
      ],
      [
       -97.66207709730894,
       30.437237367546302
      ],
      [
       -97.66206947732353,
       30.437243494013785
      ],
      [
       -97.66204816006946,
       30.437223784517695
      ]
     ]
    ]
   }
  },
  {
   "type": "Feature",
   "properties": {
    "id": "09-B3",
    "lot": 9,
    "space": "B3",
    "status": "unowned",
    "color": "white"
   },
   "geometry": {
    "type": "Polygon",
    "coordinates": [
     [
      [
       -97.66205578005489,
       30.437217658050212
      ],
      [
       -97.6620634000403,
       30.43721153158273
      ],
      [
       -97.66208471729435,
       30.437231241078823
      ],
      [
       -97.66207709730894,
       30.437237367546302
      ],
      [
       -97.66205578005489,
       30.437217658050212
      ]
     ]
    ]
   }
  },
  {
   "type": "Feature",
   "properties": {
    "id": "09-B4",
    "lot": 9,
    "space": "B4",
    "status": "buried",
    "color": "red"
   },
   "geometry": {
    "type": "Polygon",
    "coordinates": [
     [
      [
       -97.6620634000403,
       30.43721153158273
      ],
      [
       -97.6620710200257,
       30.43720540511525
      ],
      [
       -97.66209233727976,
       30.43722511461134
      ],
      [
       -97.66208471729435,
       30.437231241078823
      ],
      [
       -97.6620634000403,
       30.43721153158273
      ]
     ]
    ]
   }
  },
  {
   "type": "Feature",
   "properties": {
    "id": "09-C1",
    "lot": 9,
    "space": "C1",
    "status": "unowned",
    "color": "white"
   },
   "geometry": {
    "type": "Polygon",
    "coordinates": [
     [
      [
       -97.66203137739646,
       30.437274126351195
      ],
      [
       -97.66203899738187,
       30.437267999883712
      ],
      [
       -97.66206031463594,
       30.437287709379802
      ],
      [
       -97.66205269465053,
       30.437293835847285
      ],
      [
       -97.66203137739646,
       30.437274126351195
      ]
     ]
    ]
   }
  },
  {
   "type": "Feature",
   "properties": {
    "id": "09-C2",
    "lot": 9,
    "space": "C2",
    "status": "unowned",
    "color": "white"
   },
   "geometry": {
    "type": "Polygon",
    "coordinates": [
     [
      [
       -97.66203899738187,
       30.437267999883712
      ],
      [
       -97.6620466173673,
       30.43726187341623
      ],
      [
       -97.66206793462135,
       30.43728158291232
      ],
      [
       -97.66206031463594,
       30.437287709379802
      ],
      [
       -97.66203899738187,
       30.437267999883712
      ]
     ]
    ]
   }
  },
  {
   "type": "Feature",
   "properties": {
    "id": "09-C3",
    "lot": 9,
    "space": "C3",
    "status": "unowned",
    "color": "white"
   },
   "geometry": {
    "type": "Polygon",
    "coordinates": [
     [
      [
       -97.6620466173673,
       30.43726187341623
      ],
      [
       -97.6620542373527,
       30.437255746948747
      ],
      [
       -97.66207555460676,
       30.43727545644484
      ],
      [
       -97.66206793462135,
       30.43728158291232
      ],
      [
       -97.6620466173673,
       30.43726187341623
      ]
     ]
    ]
   }
  },
  {
   "type": "Feature",
   "properties": {
    "id": "09-C4",
    "lot": 9,
    "space": "C4",
    "status": "unowned",
    "color": "white"
   },
   "geometry": {
    "type": "Polygon",
    "coordinates": [
     [
      [
       -97.6620542373527,
       30.437255746948747
      ],
      [
       -97.66206185733812,
       30.437249620481268
      ],
      [
       -97.66208317459217,
       30.437269329977358
      ],
      [
       -97.66207555460676,
       30.43727545644484
      ],
      [
       -97.6620542373527,
       30.437255746948747
      ]
     ]
    ]
   }
  },
  {
   "type": "Feature",
   "properties": {
    "id": "09-D1",
    "lot": 9,
    "space": "D1",
    "status": "unowned",
    "color": "white"
   },
   "geometry": {
    "type": "Polygon",
    "coordinates": [
     [
      [
       -97.66206185733812,
       30.437249620481268
      ],
      [
       -97.66206947732353,
       30.437243494013785
      ],
      [
       -97.6620907945776,
       30.437263203509875
      ],
      [
       -97.66208317459217,
       30.437269329977358
      ],
      [
       -97.66206185733812,
       30.437249620481268
      ]
     ]
    ]
   }
  },
  {
   "type": "Feature",
   "properties": {
    "id": "09-D2",
    "lot": 9,
    "space": "D2",
    "status": "unowned",
    "color": "white"
   },
   "geometry": {
    "type": "Polygon",
    "coordinates": [
     [
      [
       -97.66206947732353,
       30.437243494013785
      ],
      [
       -97.66207709730894,
       30.437237367546302
      ],
      [
       -97.662098414563,
       30.437257077042393
      ],
      [
       -97.6620907945776,
       30.437263203509875
      ],
      [
       -97.66206947732353,
       30.437243494013785
      ]
     ]
    ]
   }
  },
  {
   "type": "Feature",
   "properties": {
    "id": "09-D3",
    "lot": 9,
    "space": "D3",
    "status": "unowned",
    "color": "white"
   },
   "geometry": {
    "type": "Polygon",
    "coordinates": [
     [
      [
       -97.66207709730894,
       30.437237367546302
      ],
      [
       -97.66208471729435,
       30.437231241078823
      ],
      [
       -97.66210603454842,
       30.437250950574914
      ],
      [
       -97.662098414563,
       30.437257077042393
      ],
      [
       -97.66207709730894,
       30.437237367546302
      ]
     ]
    ]
   }
  },
  {
   "type": "Feature",
   "properties": {
    "id": "09-D4",
    "lot": 9,
    "space": "D4",
    "status": "unowned",
    "color": "white"
   },
   "geometry": {
    "type": "Polygon",
    "coordinates": [
     [
      [
       -97.66208471729435,
       30.437231241078823
      ],
      [
       -97.66209233727976,
       30.43722511461134
      ],
      [
       -97.66211365453383,
       30.43724482410743
      ],
      [
       -97.66210603454842,
       30.437250950574914
      ],
      [
       -97.66208471729435,
       30.437231241078823
      ]
     ]
    ]
   }
  },
  {
   "type": "Feature",
   "properties": {
    "id": "10-A1",
    "lot": 10,
    "space": "A1",
    "status": "vacant",
    "color": "lightblue",
    "owner": "AZIZ, Nazim"
   },
   "geometry": {
    "type": "Polygon",
    "coordinates": [
     [
      [
       -97.66194903723044,
       30.437303765472446
      ],
      [
       -97.66195665721585,
       30.437297639004964
      ],
      [
       -97.66197797446992,
       30.437317348501054
      ],
      [
       -97.6619703544845,
       30.437323474968537
      ],
      [
       -97.66194903723044,
       30.437303765472446
      ]
     ]
    ]
   }
  },
  {
   "type": "Feature",
   "properties": {
    "id": "10-A2",
    "lot": 10,
    "space": "A2",
    "status": "vacant",
    "color": "lightblue",
    "owner": "AZIZ, Nazim"
   },
   "geometry": {
    "type": "Polygon",
    "coordinates": [
     [
      [
       -97.66195665721585,
       30.437297639004964
      ],
      [
       -97.66196427720126,
       30.43729151253748
      ],
      [
       -97.66198559445533,
       30.43731122203357
      ],
      [
       -97.66197797446992,
       30.437317348501054
      ],
      [
       -97.66195665721585,
       30.437297639004964
      ]
     ]
    ]
   }
  },
  {
   "type": "Feature",
   "properties": {
    "id": "10-A3",
    "lot": 10,
    "space": "A3",
    "status": "vacant",
    "color": "lightblue",
    "owner": "DAVOUDIH, Maryam"
   },
   "geometry": {
    "type": "Polygon",
    "coordinates": [
     [
      [
       -97.66196427720126,
       30.43729151253748
      ],
      [
       -97.66197189718667,
       30.437285386070002
      ],
      [
       -97.66199321444074,
       30.437305095566092
      ],
      [
       -97.66198559445533,
       30.43731122203357
      ],
      [
       -97.66196427720126,
       30.43729151253748
      ]
     ]
    ]
   }
  },
  {
   "type": "Feature",
   "properties": {
    "id": "10-A4",
    "lot": 10,
    "space": "A4",
    "status": "vacant",
    "color": "lightblue",
    "owner": "DAVOUDIH, Maryam"
   },
   "geometry": {
    "type": "Polygon",
    "coordinates": [
     [
      [
       -97.66197189718667,
       30.437285386070002
      ],
      [
       -97.6619795171721,
       30.43727925960252
      ],
      [
       -97.66200083442615,
       30.43729896909861
      ],
      [
       -97.66199321444074,
       30.437305095566092
      ],
      [
       -97.66197189718667,
       30.437285386070002
      ]
     ]
    ]
   }
  },
  {
   "type": "Feature",
   "properties": {
    "id": "10-B1",
    "lot": 10,
    "space": "B1",
    "status": "vacant",
    "color": "lightblue",
    "owner": "AGHILI, Reza"
   },
   "geometry": {
    "type": "Polygon",
    "coordinates": [
     [
      [
       -97.6619795171721,
       30.43727925960252
      ],
      [
       -97.66198713715751,
       30.437273133135037
      ],
      [
       -97.66200845441156,
       30.437292842631127
      ],
      [
       -97.66200083442615,
       30.43729896909861
      ],
      [
       -97.6619795171721,
       30.43727925960252
      ]
     ]
    ]
   }
  },
  {
   "type": "Feature",
   "properties": {
    "id": "10-B2",
    "lot": 10,
    "space": "B2",
    "status": "vacant",
    "color": "lightblue",
    "owner": "AGHILI, Reza"
   },
   "geometry": {
    "type": "Polygon",
    "coordinates": [
     [
      [
       -97.66198713715751,
       30.437273133135037
      ],
      [
       -97.66199475714292,
       30.437267006667554
      ],
      [
       -97.66201607439697,
       30.437286716163648
      ],
      [
       -97.66200845441156,
       30.437292842631127
      ],
      [
       -97.66198713715751,
       30.437273133135037
      ]
     ]
    ]
   }
  },
  {
   "type": "Feature",
   "properties": {
    "id": "10-B3",
    "lot": 10,
    "space": "B3",
    "status": "vacant",
    "color": "lightblue",
    "owner": "AGHILI, Reza"
   },
   "geometry": {
    "type": "Polygon",
    "coordinates": [
     [
      [
       -97.66199475714292,
       30.437267006667554
      ],
      [
       -97.66200237712833,
       30.437260880200075
      ],
      [
       -97.6620236943824,
       30.437280589696165
      ],
      [
       -97.66201607439697,
       30.437286716163648
      ],
      [
       -97.66199475714292,
       30.437267006667554
      ]
     ]
    ]
   }
  },
  {
   "type": "Feature",
   "properties": {
    "id": "10-B4",
    "lot": 10,
    "space": "B4",
    "status": "vacant",
    "color": "lightblue",
    "owner": "YUSUFALI, Jabir"
   },
   "geometry": {
    "type": "Polygon",
    "coordinates": [
     [
      [
       -97.66200237712833,
       30.437260880200075
      ],
      [
       -97.66200999711374,
       30.437254753732592
      ],
      [
       -97.66203131436781,
       30.437274463228682
      ],
      [
       -97.6620236943824,
       30.437280589696165
      ],
      [
       -97.66200237712833,
       30.437260880200075
      ]
     ]
    ]
   }
  },
  {
   "type": "Feature",
   "properties": {
    "id": "10-C1",
    "lot": 10,
    "space": "C1",
    "status": "unowned",
    "color": "white"
   },
   "geometry": {
    "type": "Polygon",
    "coordinates": [
     [
      [
       -97.6619703544845,
       30.437323474968537
      ],
      [
       -97.66197797446992,
       30.437317348501054
      ],
      [
       -97.66199929172397,
       30.437337057997144
      ],
      [
       -97.66199167173856,
       30.437343184464627
      ],
      [
       -97.6619703544845,
       30.437323474968537
      ]
     ]
    ]
   }
  },
  {
   "type": "Feature",
   "properties": {
    "id": "10-C2",
    "lot": 10,
    "space": "C2",
    "status": "unowned",
    "color": "white"
   },
   "geometry": {
    "type": "Polygon",
    "coordinates": [
     [
      [
       -97.66197797446992,
       30.437317348501054
      ],
      [
       -97.66198559445533,
       30.43731122203357
      ],
      [
       -97.66200691170938,
       30.437330931529665
      ],
      [
       -97.66199929172397,
       30.437337057997144
      ],
      [
       -97.66197797446992,
       30.437317348501054
      ]
     ]
    ]
   }
  },
  {
   "type": "Feature",
   "properties": {
    "id": "10-C3",
    "lot": 10,
    "space": "C3",
    "status": "unowned",
    "color": "white"
   },
   "geometry": {
    "type": "Polygon",
    "coordinates": [
     [
      [
       -97.66198559445533,
       30.43731122203357
      ],
      [
       -97.66199321444074,
       30.437305095566092
      ],
      [
       -97.66201453169481,
       30.437324805062183
      ],
      [
       -97.66200691170938,
       30.437330931529665
      ],
      [
       -97.66198559445533,
       30.43731122203357
      ]
     ]
    ]
   }
  },
  {
   "type": "Feature",
   "properties": {
    "id": "10-C4",
    "lot": 10,
    "space": "C4",
    "status": "unowned",
    "color": "white"
   },
   "geometry": {
    "type": "Polygon",
    "coordinates": [
     [
      [
       -97.66199321444074,
       30.437305095566092
      ],
      [
       -97.66200083442615,
       30.43729896909861
      ],
      [
       -97.66202215168022,
       30.4373186785947
      ],
      [
       -97.66201453169481,
       30.437324805062183
      ],
      [
       -97.66199321444074,
       30.437305095566092
      ]
     ]
    ]
   }
  },
  {
   "type": "Feature",
   "properties": {
    "id": "10-D1",
    "lot": 10,
    "space": "D1",
    "status": "unowned",
    "color": "white"
   },
   "geometry": {
    "type": "Polygon",
    "coordinates": [
     [
      [
       -97.66200083442615,
       30.43729896909861
      ],
      [
       -97.66200845441156,
       30.437292842631127
      ],
      [
       -97.66202977166563,
       30.437312552127217
      ],
      [
       -97.66202215168022,
       30.4373186785947
      ],
      [
       -97.66200083442615,
       30.43729896909861
      ]
     ]
    ]
   }
  },
  {
   "type": "Feature",
   "properties": {
    "id": "10-D2",
    "lot": 10,
    "space": "D2",
    "status": "unowned",
    "color": "white"
   },
   "geometry": {
    "type": "Polygon",
    "coordinates": [
     [
      [
       -97.66200845441156,
       30.437292842631127
      ],
      [
       -97.66201607439697,
       30.437286716163648
      ],
      [
       -97.66203739165104,
       30.437306425659738
      ],
      [
       -97.66202977166563,
       30.437312552127217
      ],
      [
       -97.66200845441156,
       30.437292842631127
      ]
     ]
    ]
   }
  },
  {
   "type": "Feature",
   "properties": {
    "id": "10-D3",
    "lot": 10,
    "space": "D3",
    "status": "vacant",
    "color": "lightblue",
    "owner": "DAFTARIAN, Mehdi"
   },
   "geometry": {
    "type": "Polygon",
    "coordinates": [
     [
      [
       -97.66201607439697,
       30.437286716163648
      ],
      [
       -97.6620236943824,
       30.437280589696165
      ],
      [
       -97.66204501163645,
       30.437300299192255
      ],
      [
       -97.66203739165104,
       30.437306425659738
      ],
      [
       -97.66201607439697,
       30.437286716163648
      ]
     ]
    ]
   }
  },
  {
   "type": "Feature",
   "properties": {
    "id": "10-D4",
    "lot": 10,
    "space": "D4",
    "status": "vacant",
    "color": "lightblue",
    "owner": "AKHTAR, Ali"
   },
   "geometry": {
    "type": "Polygon",
    "coordinates": [
     [
      [
       -97.6620236943824,
       30.437280589696165
      ],
      [
       -97.66203131436781,
       30.437274463228682
      ],
      [
       -97.66205263162186,
       30.437294172724773
      ],
      [
       -97.66204501163645,
       30.437300299192255
      ],
      [
       -97.6620236943824,
       30.437280589696165
      ]
     ]
    ]
   }
  },
  {
   "type": "Feature",
   "properties": {
    "id": "11-D1",
    "lot": 11,
    "space": "D1",
    "status": "buried",
    "color": "red"
   },
   "geometry": {
    "type": "Polygon",
    "coordinates": [
     [
      [
       -97.66194027099883,
       30.437348234492813
      ],
      [
       -97.66194789098424,
       30.437342108025334
      ],
      [
       -97.66196920823829,
       30.437361817521424
      ],
      [
       -97.66196158825288,
       30.437367943988907
      ],
      [
       -97.66194027099883,
       30.437348234492813
      ]
     ]
    ]
   }
  },
  {
   "type": "Feature",
   "properties": {
    "id": "11-D2",
    "lot": 11,
    "space": "D2",
    "status": "unowned",
    "color": "white"
   },
   "geometry": {
    "type": "Polygon",
    "coordinates": [
     [
      [
       -97.66194789098424,
       30.437342108025334
      ],
      [
       -97.66195551096965,
       30.43733598155785
      ],
      [
       -97.66197682822371,
       30.43735569105394
      ],
      [
       -97.66196920823829,
       30.437361817521424
      ],
      [
       -97.66194789098424,
       30.437342108025334
      ]
     ]
    ]
   }
  },
  {
   "type": "Feature",
   "properties": {
    "id": "11-D3",
    "lot": 11,
    "space": "D3",
    "status": "unowned",
    "color": "white"
   },
   "geometry": {
    "type": "Polygon",
    "coordinates": [
     [
      [
       -97.66195551096965,
       30.43733598155785
      ],
      [
       -97.66196313095506,
       30.43732985509037
      ],
      [
       -97.66198444820913,
       30.43734956458646
      ],
      [
       -97.66197682822371,
       30.43735569105394
      ],
      [
       -97.66195551096965,
       30.43733598155785
      ]
     ]
    ]
   }
  },
  {
   "type": "Feature",
   "properties": {
    "id": "11-D4",
    "lot": 11,
    "space": "D4",
    "status": "unowned",
    "color": "white"
   },
   "geometry": {
    "type": "Polygon",
    "coordinates": [
     [
      [
       -97.66196313095506,
       30.43732985509037
      ],
      [
       -97.66197075094047,
       30.437323728622886
      ],
      [
       -97.66199206819454,
       30.43734343811898
      ],
      [
       -97.66198444820913,
       30.43734956458646
      ],
      [
       -97.66196313095506,
       30.43732985509037
      ]
     ]
    ]
   }
  },
  {
   "type": "Feature",
   "properties": {
    "id": "12-A1",
    "lot": 12,
    "space": "A1",
    "status": "vacant",
    "color": "lightblue",
    "owner": "PLEUTHNER, Asad"
   },
   "geometry": {
    "type": "Polygon",
    "coordinates": [
     [
      [
       -97.66217499783735,
       30.437196148053278
      ],
      [
       -97.66218261782278,
       30.437190021585796
      ],
      [
       -97.66220393507683,
       30.437209731081886
      ],
      [
       -97.66219631509142,
       30.43721585754937
      ],
      [
       -97.66217499783735,
       30.437196148053278
      ]
     ]
    ]
   }
  },
  {
   "type": "Feature",
   "properties": {
    "id": "12-A2",
    "lot": 12,
    "space": "A2",
    "status": "vacant",
    "color": "lightblue",
    "owner": "PLEUTHNER, Asad"
   },
   "geometry": {
    "type": "Polygon",
    "coordinates": [
     [
      [
       -97.66218261782278,
       30.437190021585796
      ],
      [
       -97.66219023780819,
       30.437183895118313
      ],
      [
       -97.66221155506224,
       30.437203604614403
      ],
      [
       -97.66220393507683,
       30.437209731081886
      ],
      [
       -97.66218261782278,
       30.437190021585796
      ]
     ]
    ]
   }
  },
  {
   "type": "Feature",
   "properties": {
    "id": "12-A3",
    "lot": 12,
    "space": "A3",
    "status": "vacant",
    "color": "lightblue",
    "owner": "PLEUTHNER, Asad"
   },
   "geometry": {
    "type": "Polygon",
    "coordinates": [
     [
      [
       -97.66219023780819,
       30.437183895118313
      ],
      [
       -97.6621978577936,
       30.43717776865083
      ],
      [
       -97.66221917504765,
       30.437197478146924
      ],
      [
       -97.66221155506224,
       30.437203604614403
      ],
      [
       -97.66219023780819,
       30.437183895118313
      ]
     ]
    ]
   }
  },
  {
   "type": "Feature",
   "properties": {
    "id": "12-A4",
    "lot": 12,
    "space": "A4",
    "status": "vacant",
    "color": "lightblue",
    "owner": "PLEUTHNER, Asad"
   },
   "geometry": {
    "type": "Polygon",
    "coordinates": [
     [
      [
       -97.6621978577936,
       30.43717776865083
      ],
      [
       -97.66220547777901,
       30.43717164218335
      ],
      [
       -97.66222679503308,
       30.43719135167944
      ],
      [
       -97.66221917504765,
       30.437197478146924
      ],
      [
       -97.6621978577936,
       30.43717776865083
      ]
     ]
    ]
   }
  },
  {
   "type": "Feature",
   "properties": {
    "id": "12-B1",
    "lot": 12,
    "space": "B1",
    "status": "unowned",
    "color": "white"
   },
   "geometry": {
    "type": "Polygon",
    "coordinates": [
     [
      [
       -97.66220547777901,
       30.43717164218335
      ],
      [
       -97.66221309776442,
       30.43716551571587
      ],
      [
       -97.66223441501849,
       30.43718522521196
      ],
      [
       -97.66222679503308,
       30.43719135167944
      ],
      [
       -97.66220547777901,
       30.43717164218335
      ]
     ]
    ]
   }
  },
  {
   "type": "Feature",
   "properties": {
    "id": "12-B2",
    "lot": 12,
    "space": "B2",
    "status": "unowned",
    "color": "white"
   },
   "geometry": {
    "type": "Polygon",
    "coordinates": [
     [
      [
       -97.66221309776442,
       30.43716551571587
      ],
      [
       -97.66222071774983,
       30.437159389248386
      ],
      [
       -97.6622420350039,
       30.437179098744476
      ],
      [
       -97.66223441501849,
       30.43718522521196
      ],
      [
       -97.66221309776442,
       30.43716551571587
      ]
     ]
    ]
   }
  },
  {
   "type": "Feature",
   "properties": {
    "id": "12-B3",
    "lot": 12,
    "space": "B3",
    "status": "unowned",
    "color": "white"
   },
   "geometry": {
    "type": "Polygon",
    "coordinates": [
     [
      [
       -97.66222071774983,
       30.437159389248386
      ],
      [
       -97.66222833773526,
       30.437153262780903
      ],
      [
       -97.66224965498931,
       30.437172972276997
      ],
      [
       -97.6622420350039,
       30.437179098744476
      ],
      [
       -97.66222071774983,
       30.437159389248386
      ]
     ]
    ]
   }
  },
  {
   "type": "Feature",
   "properties": {
    "id": "12-B4",
    "lot": 12,
    "space": "B4",
    "status": "unusable",
    "color": "green"
   },
   "geometry": {
    "type": "Polygon",
    "coordinates": [
     [
      [
       -97.66222833773526,
       30.437153262780903
      ],
      [
       -97.66223595772067,
       30.437147136313424
      ],
      [
       -97.66225727497472,
       30.437166845809514
      ],
      [
       -97.66224965498931,
       30.437172972276997
      ],
      [
       -97.66222833773526,
       30.437153262780903
      ]
     ]
    ]
   }
  },
  {
   "type": "Feature",
   "properties": {
    "id": "12-C1",
    "lot": 12,
    "space": "C1",
    "status": "vacant",
    "color": "lightblue",
    "owner": "PLEUTHNER, Asad"
   },
   "geometry": {
    "type": "Polygon",
    "coordinates": [
     [
      [
       -97.66219631509142,
       30.43721585754937
      ],
      [
       -97.66220393507683,
       30.437209731081886
      ],
      [
       -97.6622252523309,
       30.437229440577976
      ],
      [
       -97.66221763234549,
       30.43723556704546
      ],
      [
       -97.66219631509142,
       30.43721585754937
      ]
     ]
    ]
   }
  },
  {
   "type": "Feature",
   "properties": {
    "id": "12-C2",
    "lot": 12,
    "space": "C2",
    "status": "vacant",
    "color": "lightblue",
    "owner": "PLEUTHNER, Asad"
   },
   "geometry": {
    "type": "Polygon",
    "coordinates": [
     [
      [
       -97.66220393507683,
       30.437209731081886
      ],
      [
       -97.66221155506224,
       30.437203604614403
      ],
      [
       -97.66223287231631,
       30.437223314110497
      ],
      [
       -97.6622252523309,
       30.437229440577976
      ],
      [
       -97.66220393507683,
       30.437209731081886
      ]
     ]
    ]
   }
  },
  {
   "type": "Feature",
   "properties": {
    "id": "12-C3",
    "lot": 12,
    "space": "C3",
    "status": "vacant",
    "color": "lightblue",
    "owner": "PLEUTHNER, Asad"
   },
   "geometry": {
    "type": "Polygon",
    "coordinates": [
     [
      [
       -97.66221155506224,
       30.437203604614403
      ],
      [
       -97.66221917504765,
       30.437197478146924
      ],
      [
       -97.66224049230172,
       30.437217187643014
      ],
      [
       -97.66223287231631,
       30.437223314110497
      ],
      [
       -97.66221155506224,
       30.437203604614403
      ]
     ]
    ]
   }
  },
  {
   "type": "Feature",
   "properties": {
    "id": "12-C4",
    "lot": 12,
    "space": "C4",
    "status": "vacant",
    "color": "lightblue",
    "owner": "PLEUTHNER, Asad"
   },
   "geometry": {
    "type": "Polygon",
    "coordinates": [
     [
      [
       -97.66221917504765,
       30.437197478146924
      ],
      [
       -97.66222679503308,
       30.43719135167944
      ],
      [
       -97.66224811228713,
       30.43721106117553
      ],
      [
       -97.66224049230172,
       30.437217187643014
      ],
      [
       -97.66221917504765,
       30.437197478146924
      ]
     ]
    ]
   }
  },
  {
   "type": "Feature",
   "properties": {
    "id": "12-D1",
    "lot": 12,
    "space": "D1",
    "status": "unowned",
    "color": "white"
   },
   "geometry": {
    "type": "Polygon",
    "coordinates": [
     [
      [
       -97.66222679503308,
       30.43719135167944
      ],
      [
       -97.66223441501849,
       30.43718522521196
      ],
      [
       -97.66225573227254,
       30.43720493470805
      ],
      [
       -97.66224811228713,
       30.43721106117553
      ],
      [
       -97.66222679503308,
       30.43719135167944
      ]
     ]
    ]
   }
  },
  {
   "type": "Feature",
   "properties": {
    "id": "12-D2",
    "lot": 12,
    "space": "D2",
    "status": "unowned",
    "color": "white"
   },
   "geometry": {
    "type": "Polygon",
    "coordinates": [
     [
      [
       -97.66223441501849,
       30.43718522521196
      ],
      [
       -97.6622420350039,
       30.437179098744476
      ],
      [
       -97.66226335225797,
       30.43719880824057
      ],
      [
       -97.66225573227254,
       30.43720493470805
      ],
      [
       -97.66223441501849,
       30.43718522521196
      ]
     ]
    ]
   }
  },
  {
   "type": "Feature",
   "properties": {
    "id": "12-D3",
    "lot": 12,
    "space": "D3",
    "status": "unowned",
    "color": "white"
   },
   "geometry": {
    "type": "Polygon",
    "coordinates": [
     [
      [
       -97.6622420350039,
       30.437179098744476
      ],
      [
       -97.66224965498931,
       30.437172972276997
      ],
      [
       -97.66227097224338,
       30.437192681773087
      ],
      [
       -97.66226335225797,
       30.43719880824057
      ],
      [
       -97.6622420350039,
       30.437179098744476
      ]
     ]
    ]
   }
  },
  {
   "type": "Feature",
   "properties": {
    "id": "12-D4",
    "lot": 12,
    "space": "D4",
    "status": "unowned",
    "color": "white"
   },
   "geometry": {
    "type": "Polygon",
    "coordinates": [
     [
      [
       -97.66224965498931,
       30.437172972276997
      ],
      [
       -97.66225727497472,
       30.437166845809514
      ],
      [
       -97.66227859222879,
       30.437186555305605
      ],
      [
       -97.66227097224338,
       30.437192681773087
      ],
      [
       -97.66224965498931,
       30.437172972276997
      ]
     ]
    ]
   }
  },
  {
   "type": "Feature",
   "properties": {
    "id": "13-A1",
    "lot": 13,
    "space": "A1",
    "status": "vacant",
    "color": "lightblue",
    "owner": "KAZMI, Iffat"
   },
   "geometry": {
    "type": "Polygon",
    "coordinates": [
     [
      [
       -97.66211378637263,
       30.43724504008681
      ],
      [
       -97.66212140635804,
       30.43723891361933
      ],
      [
       -97.6621427236121,
       30.43725862311542
      ],
      [
       -97.6621351036267,
       30.4372647495829
      ],
      [
       -97.66211378637263,
       30.43724504008681
      ]
     ]
    ]
   }
  },
  {
   "type": "Feature",
   "properties": {
    "id": "13-A2",
    "lot": 13,
    "space": "A2",
    "status": "occupied",
    "color": "darkblue",
    "person": {
     "name": "RAZVI, Zakaria Begum",
     "burial": "2017-08-14"
    }
   },
   "geometry": {
    "type": "Polygon",
    "coordinates": [
     [
      [
       -97.66212140635804,
       30.43723891361933
      ],
      [
       -97.66212902634345,
       30.437232787151846
      ],
      [
       -97.66215034359752,
       30.43725249664794
      ],
      [
       -97.6621427236121,
       30.43725862311542
      ],
      [
       -97.66212140635804,
       30.43723891361933
      ]
     ]
    ]
   }
  },
  {
   "type": "Feature",
   "properties": {
    "id": "13-A3",
    "lot": 13,
    "space": "A3",
    "status": "unowned",
    "color": "white"
   },
   "geometry": {
    "type": "Polygon",
    "coordinates": [
     [
      [
       -97.66212902634345,
       30.437232787151846
      ],
      [
       -97.66213664632886,
       30.437226660684367
      ],
      [
       -97.66215796358293,
       30.437246370180457
      ],
      [
       -97.66215034359752,
       30.43725249664794
      ],
      [
       -97.66212902634345,
       30.437232787151846
      ]
     ]
    ]
   }
  },
  {
   "type": "Feature",
   "properties": {
    "id": "13-A4",
    "lot": 13,
    "space": "A4",
    "status": "buried",
    "color": "red"
   },
   "geometry": {
    "type": "Polygon",
    "coordinates": [
     [
      [
       -97.66213664632886,
       30.437226660684367
      ],
      [
       -97.66214426631429,
       30.437220534216884
      ],
      [
       -97.66216558356834,
       30.437240243712974
      ],
      [
       -97.66215796358293,
       30.437246370180457
      ],
      [
       -97.66213664632886,
       30.437226660684367
      ]
     ]
    ]
   }
  },
  {
   "type": "Feature",
   "properties": {
    "id": "13-B1",
    "lot": 13,
    "space": "B1",
    "status": "buried",
    "color": "red"
   },
   "geometry": {
    "type": "Polygon",
    "coordinates": [
     [
      [
       -97.66214426631429,
       30.437220534216884
      ],
      [
       -97.6621518862997,
       30.4372144077494
      ],
      [
       -97.66217320355375,
       30.437234117245495
      ],
      [
       -97.66216558356834,
       30.437240243712974
      ],
      [
       -97.66214426631429,
       30.437220534216884
      ]
     ]
    ]
   }
  },
  {
   "type": "Feature",
   "properties": {
    "id": "13-C1",
    "lot": 13,
    "space": "C1",
    "status": "occupied",
    "color": "darkblue",
    "person": {
     "name": "RAZVI, Javed",
     "burial": "2017-07-24"
    }
   },
   "geometry": {
    "type": "Polygon",
    "coordinates": [
     [
      [
       -97.6621351036267,
       30.4372647495829
      ],
      [
       -97.6621427236121,
       30.43725862311542
      ],
      [
       -97.66216404086616,
       30.437278332611513
      ],
      [
       -97.66215642088075,
       30.43728445907899
      ],
      [
       -97.6621351036267,
       30.4372647495829
      ]
     ]
    ]
   }
  },
  {
   "type": "Feature",
   "properties": {
    "id": "13-C2",
    "lot": 13,
    "space": "C2",
    "status": "occupied",
    "color": "darkblue",
    "person": {
     "name": "KAZMI, Mehbub",
     "burial": "2018-06-03"
    }
   },
   "geometry": {
    "type": "Polygon",
    "coordinates": [
     [
      [
       -97.6621427236121,
       30.43725862311542
      ],
      [
       -97.66215034359752,
       30.43725249664794
      ],
      [
       -97.66217166085157,
       30.43727220614403
      ],
      [
       -97.66216404086616,
       30.437278332611513
      ],
      [
       -97.6621427236121,
       30.43725862311542
      ]
     ]
    ]
   }
  },
  {
   "type": "Feature",
   "properties": {
    "id": "13-C3",
    "lot": 13,
    "space": "C3",
    "status": "unowned",
    "color": "white"
   },
   "geometry": {
    "type": "Polygon",
    "coordinates": [
     [
      [
       -97.66215034359752,
       30.43725249664794
      ],
      [
       -97.66215796358293,
       30.437246370180457
      ],
      [
       -97.662179280837,
       30.437266079676547
      ],
      [
       -97.66217166085157,
       30.43727220614403
      ],
      [
       -97.66215034359752,
       30.43725249664794
      ]
     ]
    ]
   }
  },
  {
   "type": "Feature",
   "properties": {
    "id": "13-C4",
    "lot": 13,
    "space": "C4",
    "status": "unowned",
    "color": "white"
   },
   "geometry": {
    "type": "Polygon",
    "coordinates": [
     [
      [
       -97.66215796358293,
       30.437246370180457
      ],
      [
       -97.66216558356834,
       30.437240243712974
      ],
      [
       -97.6621869008224,
       30.437259953209065
      ],
      [
       -97.662179280837,
       30.437266079676547
      ],
      [
       -97.66215796358293,
       30.437246370180457
      ]
     ]
    ]
   }
  },
  {
   "type": "Feature",
   "properties": {
    "id": "13-D1",
    "lot": 13,
    "space": "D1",
    "status": "unowned",
    "color": "white"
   },
   "geometry": {
    "type": "Polygon",
    "coordinates": [
     [
      [
       -97.66216558356834,
       30.437240243712974
      ],
      [
       -97.66217320355375,
       30.437234117245495
      ],
      [
       -97.66219452080782,
       30.437253826741586
      ],
      [
       -97.6621869008224,
       30.437259953209065
      ],
      [
       -97.66216558356834,
       30.437240243712974
      ]
     ]
    ]
   }
  },
  {
   "type": "Feature",
   "properties": {
    "id": "14-A1",
    "lot": 14,
    "space": "A1",
    "status": "unowned",
    "color": "white"
   },
   "geometry": {
    "type": "Polygon",
    "coordinates": [
     [
      [
       -97.66205294851746,
       30.437294239918515
      ],
      [
       -97.66206056850287,
       30.437288113451032
      ],
      [
       -97.66208188575693,
       30.437307822947123
      ],
      [
       -97.66207426577152,
       30.437313949414605
      ],
      [
       -97.66205294851746,
       30.437294239918515
      ]
     ]
    ]
   }
  },
  {
   "type": "Feature",
   "properties": {
    "id": "14-A2",
    "lot": 14,
    "space": "A2",
    "status": "unowned",
    "color": "white"
   },
   "geometry": {
    "type": "Polygon",
    "coordinates": [
     [
      [
       -97.66206056850287,
       30.437288113451032
      ],
      [
       -97.66206818848828,
       30.437281986983553
      ],
      [
       -97.66208950574234,
       30.437301696479643
      ],
      [
       -97.66208188575693,
       30.437307822947123
      ],
      [
       -97.66206056850287,
       30.437288113451032
      ]
     ]
    ]
   }
  },
  {
   "type": "Feature",
   "properties": {
    "id": "14-A3",
    "lot": 14,
    "space": "A3",
    "status": "unowned",
    "color": "white"
   },
   "geometry": {
    "type": "Polygon",
    "coordinates": [
     [
      [
       -97.66206818848828,
       30.437281986983553
      ],
      [
       -97.6620758084737,
       30.43727586051607
      ],
      [
       -97.66209712572775,
       30.43729557001216
      ],
      [
       -97.66208950574234,
       30.437301696479643
      ],
      [
       -97.66206818848828,
       30.437281986983553
      ]
     ]
    ]
   }
  },
  {
   "type": "Feature",
   "properties": {
    "id": "14-A4",
    "lot": 14,
    "space": "A4",
    "status": "unowned",
    "color": "white"
   },
   "geometry": {
    "type": "Polygon",
    "coordinates": [
     [
      [
       -97.6620758084737,
       30.43727586051607
      ],
      [
       -97.66208342845911,
       30.437269734048588
      ],
      [
       -97.66210474571317,
       30.437289443544678
      ],
      [
       -97.66209712572775,
       30.43729557001216
      ],
      [
       -97.6620758084737,
       30.43727586051607
      ]
     ]
    ]
   }
  },
  {
   "type": "Feature",
   "properties": {
    "id": "14-B1",
    "lot": 14,
    "space": "B1",
    "status": "unowned",
    "color": "white"
   },
   "geometry": {
    "type": "Polygon",
    "coordinates": [
     [
      [
       -97.66208342845911,
       30.437269734048588
      ],
      [
       -97.66209104844452,
       30.437263607581105
      ],
      [
       -97.66211236569858,
       30.4372833170772
      ],
      [
       -97.66210474571317,
       30.437289443544678
      ],
      [
       -97.66208342845911,
       30.437269734048588
      ]
     ]
    ]
   }
  },
  {
   "type": "Feature",
   "properties": {
    "id": "14-B2",
    "lot": 14,
    "space": "B2",
    "status": "unowned",
    "color": "white"
   },
   "geometry": {
    "type": "Polygon",
    "coordinates": [
     [
      [
       -97.66209104844452,
       30.437263607581105
      ],
      [
       -97.66209866842993,
       30.437257481113626
      ],
      [
       -97.662119985684,
       30.437277190609716
      ],
      [
       -97.66211236569858,
       30.4372833170772
      ],
      [
       -97.66209104844452,
       30.437263607581105
      ]
     ]
    ]
   }
  },
  {
   "type": "Feature",
   "properties": {
    "id": "14-B3",
    "lot": 14,
    "space": "B3",
    "status": "unowned",
    "color": "white"
   },
   "geometry": {
    "type": "Polygon",
    "coordinates": [
     [
      [
       -97.66209866842993,
       30.437257481113626
      ],
      [
       -97.66210628841534,
       30.437251354646143
      ],
      [
       -97.66212760566941,
       30.437271064142234
      ],
      [
       -97.662119985684,
       30.437277190609716
      ],
      [
       -97.66209866842993,
       30.437257481113626
      ]
     ]
    ]
   }
  },
  {
   "type": "Feature",
   "properties": {
    "id": "14-B4",
    "lot": 14,
    "space": "B4",
    "status": "buried",
    "color": "red"
   },
   "geometry": {
    "type": "Polygon",
    "coordinates": [
     [
      [
       -97.66210628841534,
       30.437251354646143
      ],
      [
       -97.66211390840076,
       30.43724522817866
      ],
      [
       -97.66213522565482,
       30.43726493767475
      ],
      [
       -97.66212760566941,
       30.437271064142234
      ],
      [
       -97.66210628841534,
       30.437251354646143
      ]
     ]
    ]
   }
  },
  {
   "type": "Feature",
   "properties": {
    "id": "14-C1",
    "lot": 14,
    "space": "C1",
    "status": "unowned",
    "color": "white"
   },
   "geometry": {
    "type": "Polygon",
    "coordinates": [
     [
      [
       -97.66207426577152,
       30.437313949414605
      ],
      [
       -97.66208188575693,
       30.437307822947123
      ],
      [
       -97.66210320301099,
       30.437327532443216
      ],
      [
       -97.66209558302558,
       30.437333658910696
      ],
      [
       -97.66207426577152,
       30.437313949414605
      ]
     ]
    ]
   }
  },
  {
   "type": "Feature",
   "properties": {
    "id": "14-C2",
    "lot": 14,
    "space": "C2",
    "status": "buried",
    "color": "red"
   },
   "geometry": {
    "type": "Polygon",
    "coordinates": [
     [
      [
       -97.66208188575693,
       30.437307822947123
      ],
      [
       -97.66208950574234,
       30.437301696479643
      ],
      [
       -97.66211082299641,
       30.437321405975734
      ],
      [
       -97.66210320301099,
       30.437327532443216
      ],
      [
       -97.66208188575693,
       30.437307822947123
      ]
     ]
    ]
   }
  },
  {
   "type": "Feature",
   "properties": {
    "id": "14-C3",
    "lot": 14,
    "space": "C3",
    "status": "unowned",
    "color": "white"
   },
   "geometry": {
    "type": "Polygon",
    "coordinates": [
     [
      [
       -97.66208950574234,
       30.437301696479643
      ],
      [
       -97.66209712572775,
       30.43729557001216
      ],
      [
       -97.66211844298182,
       30.43731527950825
      ],
      [
       -97.66211082299641,
       30.437321405975734
      ],
      [
       -97.66208950574234,
       30.437301696479643
      ]
     ]
    ]
   }
  },
  {
   "type": "Feature",
   "properties": {
    "id": "14-C4",
    "lot": 14,
    "space": "C4",
    "status": "unowned",
    "color": "white"
   },
   "geometry": {
    "type": "Polygon",
    "coordinates": [
     [
      [
       -97.66209712572775,
       30.43729557001216
      ],
      [
       -97.66210474571317,
       30.437289443544678
      ],
      [
       -97.66212606296723,
       30.43730915304077
      ],
      [
       -97.66211844298182,
       30.43731527950825
      ],
      [
       -97.66209712572775,
       30.43729557001216
      ]
     ]
    ]
   }
  },
  {
   "type": "Feature",
   "properties": {
    "id": "14-D1",
    "lot": 14,
    "space": "D1",
    "status": "unowned",
    "color": "white"
   },
   "geometry": {
    "type": "Polygon",
    "coordinates": [
     [
      [
       -97.66210474571317,
       30.437289443544678
      ],
      [
       -97.66211236569858,
       30.4372833170772
      ],
      [
       -97.66213368295264,
       30.43730302657329
      ],
      [
       -97.66212606296723,
       30.43730915304077
      ],
      [
       -97.66210474571317,
       30.437289443544678
      ]
     ]
    ]
   }
  },
  {
   "type": "Feature",
   "properties": {
    "id": "14-D2",
    "lot": 14,
    "space": "D2",
    "status": "unowned",
    "color": "white"
   },
   "geometry": {
    "type": "Polygon",
    "coordinates": [
     [
      [
       -97.66211236569858,
       30.4372833170772
      ],
      [
       -97.662119985684,
       30.437277190609716
      ],
      [
       -97.66214130293805,
       30.437296900105807
      ],
      [
       -97.66213368295264,
       30.43730302657329
      ],
      [
       -97.66211236569858,
       30.4372833170772
      ]
     ]
    ]
   }
  },
  {
   "type": "Feature",
   "properties": {
    "id": "14-D3",
    "lot": 14,
    "space": "D3",
    "status": "unowned",
    "color": "white"
   },
   "geometry": {
    "type": "Polygon",
    "coordinates": [
     [
      [
       -97.662119985684,
       30.437277190609716
      ],
      [
       -97.66212760566941,
       30.437271064142234
      ],
      [
       -97.66214892292346,
       30.437290773638324
      ],
      [
       -97.66214130293805,
       30.437296900105807
      ],
      [
       -97.662119985684,
       30.437277190609716
      ]
     ]
    ]
   }
  },
  {
   "type": "Feature",
   "properties": {
    "id": "14-D4",
    "lot": 14,
    "space": "D4",
    "status": "unowned",
    "color": "white"
   },
   "geometry": {
    "type": "Polygon",
    "coordinates": [
     [
      [
       -97.66212760566941,
       30.437271064142234
      ],
      [
       -97.66213522565482,
       30.43726493767475
      ],
      [
       -97.66215654290887,
       30.437284647170845
      ],
      [
       -97.66214892292346,
       30.437290773638324
      ],
      [
       -97.66212760566941,
       30.437271064142234
      ]
     ]
    ]
   }
  },
  {
   "type": "Feature",
   "properties": {
    "id": "15-A1",
    "lot": 15,
    "space": "A1",
    "status": "vacant",
    "color": "lightblue",
    "owner": "KHATAW, Aliraza"
   },
   "geometry": {
    "type": "Polygon",
    "coordinates": [
     [
      [
       -97.66199192224497,
       30.43734334081057
      ],
      [
       -97.66199954223038,
       30.437337214343092
      ],
      [
       -97.66202085948444,
       30.437356923839182
      ],
      [
       -97.66201323949903,
       30.437363050306665
      ],
      [
       -97.66199192224497,
       30.43734334081057
      ]
     ]
    ]
   }
  },
  {
   "type": "Feature",
   "properties": {
    "id": "15-A2",
    "lot": 15,
    "space": "A2",
    "status": "vacant",
    "color": "lightblue",
    "owner": "KHATAW, Aliraza"
   },
   "geometry": {
    "type": "Polygon",
    "coordinates": [
     [
      [
       -97.66199954223038,
       30.437337214343092
      ],
      [
       -97.6620071622158,
       30.43733108787561
      ],
      [
       -97.66202847946985,
       30.4373507973717
      ],
      [
       -97.66202085948444,
       30.437356923839182
      ],
      [
       -97.66199954223038,
       30.437337214343092
      ]
     ]
    ]
   }
  },
  {
   "type": "Feature",
   "properties": {
    "id": "15-A3",
    "lot": 15,
    "space": "A3",
    "status": "vacant",
    "color": "lightblue",
    "owner": "KHATAW, Aliraza"
   },
   "geometry": {
    "type": "Polygon",
    "coordinates": [
     [
      [
       -97.6620071622158,
       30.43733108787561
      ],
      [
       -97.66201478220121,
       30.437324961408127
      ],
      [
       -97.66203609945526,
       30.437344670904217
      ],
      [
       -97.66202847946985,
       30.4373507973717
      ],
      [
       -97.6620071622158,
       30.43733108787561
      ]
     ]
    ]
   }
  },
  {
   "type": "Feature",
   "properties": {
    "id": "15-A4",
    "lot": 15,
    "space": "A4",
    "status": "occupied",
    "color": "darkblue",
    "person": {
     "name": "RIZVI, Syed Iqbal Hussein",
     "burial": "2025-10-28"
    }
   },
   "geometry": {
    "type": "Polygon",
    "coordinates": [
     [
      [
       -97.66201478220121,
       30.437324961408127
      ],
      [
       -97.66202240218662,
       30.437318834940648
      ],
      [
       -97.66204371944067,
       30.437338544436738
      ],
      [
       -97.66203609945526,
       30.437344670904217
      ],
      [
       -97.66201478220121,
       30.437324961408127
      ]
     ]
    ]
   }
  },
  {
   "type": "Feature",
   "properties": {
    "id": "15-B1",
    "lot": 15,
    "space": "B1",
    "status": "occupied",
    "color": "darkblue",
    "person": {
     "name": "HUSSEIN, Hussein Karim",
     "burial": "2020-06-28"
    }
   },
   "geometry": {
    "type": "Polygon",
    "coordinates": [
     [
      [
       -97.66202240218662,
       30.437318834940648
      ],
      [
       -97.66203002217203,
       30.437312708473165
      ],
      [
       -97.6620513394261,
       30.437332417969255
      ],
      [
       -97.66204371944067,
       30.437338544436738
      ],
      [
       -97.66202240218662,
       30.437318834940648
      ]
     ]
    ]
   }
  },
  {
   "type": "Feature",
   "properties": {
    "id": "15-B2",
    "lot": 15,
    "space": "B2",
    "status": "occupied",
    "color": "darkblue",
    "person": {
     "name": "BARZEGARFAR, Masoomeh",
     "burial": "2025-07-10"
    }
   },
   "geometry": {
    "type": "Polygon",
    "coordinates": [
     [
      [
       -97.66203002217203,
       30.437312708473165
      ],
      [
       -97.66203764215744,
       30.437306582005682
      ],
      [
       -97.66205895941151,
       30.437326291501773
      ],
      [
       -97.6620513394261,
       30.437332417969255
      ],
      [
       -97.66203002217203,
       30.437312708473165
      ]
     ]
    ]
   }
  },
  {
   "type": "Feature",
   "properties": {
    "id": "15-B3",
    "lot": 15,
    "space": "B3",
    "status": "vacant",
    "color": "lightblue",
    "owner": "AKHTAR, Syed Hasan"
   },
   "geometry": {
    "type": "Polygon",
    "coordinates": [
     [
      [
       -97.66203764215744,
       30.437306582005682
      ],
      [
       -97.66204526214285,
       30.4373004555382
      ],
      [
       -97.66206657939692,
       30.437320165034293
      ],
      [
       -97.66205895941151,
       30.437326291501773
      ],
      [
       -97.66203764215744,
       30.437306582005682
      ]
     ]
    ]
   }
  },
  {
   "type": "Feature",
   "properties": {
    "id": "15-B4",
    "lot": 15,
    "space": "B4",
    "status": "vacant",
    "color": "lightblue",
    "owner": "AKHTAR, Syed Hasan"
   },
   "geometry": {
    "type": "Polygon",
    "coordinates": [
     [
      [
       -97.66204526214285,
       30.4373004555382
      ],
      [
       -97.66205288212828,
       30.43729432907072
      ],
      [
       -97.66207419938233,
       30.43731403856681
      ],
      [
       -97.66206657939692,
       30.437320165034293
      ],
      [
       -97.66204526214285,
       30.4373004555382
      ]
     ]
    ]
   }
  },
  {
   "type": "Feature",
   "properties": {
    "id": "15-C1",
    "lot": 15,
    "space": "C1",
    "status": "vacant",
    "color": "lightblue",
    "owner": "KHATAW, Aliraza"
   },
   "geometry": {
    "type": "Polygon",
    "coordinates": [
     [
      [
       -97.66201323949903,
       30.437363050306665
      ],
      [
       -97.66202085948444,
       30.437356923839182
      ],
      [
       -97.66204217673851,
       30.437376633335273
      ],
      [
       -97.66203455675308,
       30.437382759802755
      ],
      [
       -97.66201323949903,
       30.437363050306665
      ]
     ]
    ]
   }
  },
  {
   "type": "Feature",
   "properties": {
    "id": "15-C2",
    "lot": 15,
    "space": "C2",
    "status": "vacant",
    "color": "lightblue",
    "owner": "KHATAW, Aliraza"
   },
   "geometry": {
    "type": "Polygon",
    "coordinates": [
     [
      [
       -97.66202085948444,
       30.437356923839182
      ],
      [
       -97.66202847946985,
       30.4373507973717
      ],
      [
       -97.66204979672392,
       30.43737050686779
      ],
      [
       -97.66204217673851,
       30.437376633335273
      ],
      [
       -97.66202085948444,
       30.437356923839182
      ]
     ]
    ]
   }
  },
  {
   "type": "Feature",
   "properties": {
    "id": "15-C3",
    "lot": 15,
    "space": "C3",
    "status": "vacant",
    "color": "lightblue",
    "owner": "KHATAW, Aliraza"
   },
   "geometry": {
    "type": "Polygon",
    "coordinates": [
     [
      [
       -97.66202847946985,
       30.4373507973717
      ],
      [
       -97.66203609945526,
       30.437344670904217
      ],
      [
       -97.66205741670933,
       30.43736438040031
      ],
      [
       -97.66204979672392,
       30.43737050686779
      ],
      [
       -97.66202847946985,
       30.4373507973717
      ]
     ]
    ]
   }
  },
  {
   "type": "Feature",
   "properties": {
    "id": "15-C4",
    "lot": 15,
    "space": "C4",
    "status": "vacant",
    "color": "lightblue",
    "owner": "KHATAW, Aliraza"
   },
   "geometry": {
    "type": "Polygon",
    "coordinates": [
     [
      [
       -97.66203609945526,
       30.437344670904217
      ],
      [
       -97.66204371944067,
       30.437338544436738
      ],
      [
       -97.66206503669474,
       30.43735825393283
      ],
      [
       -97.66205741670933,
       30.43736438040031
      ],
      [
       -97.66203609945526,
       30.437344670904217
      ]
     ]
    ]
   }
  },
  {
   "type": "Feature",
   "properties": {
    "id": "15-D1",
    "lot": 15,
    "space": "D1",
    "status": "vacant",
    "color": "lightblue",
    "owner": "KHATAW, Aliraza"
   },
   "geometry": {
    "type": "Polygon",
    "coordinates": [
     [
      [
       -97.66204371944067,
       30.437338544436738
      ],
      [
       -97.6620513394261,
       30.437332417969255
      ],
      [
       -97.66207265668015,
       30.437352127465346
      ],
      [
       -97.66206503669474,
       30.43735825393283
      ],
      [
       -97.66204371944067,
       30.437338544436738
      ]
     ]
    ]
   }
  },
  {
   "type": "Feature",
   "properties": {
    "id": "15-D2",
    "lot": 15,
    "space": "D2",
    "status": "vacant",
    "color": "lightblue",
    "owner": "FARAJI, Hassan"
   },
   "geometry": {
    "type": "Polygon",
    "coordinates": [
     [
      [
       -97.6620513394261,
       30.437332417969255
      ],
      [
       -97.66205895941151,
       30.437326291501773
      ],
      [
       -97.66208027666556,
       30.437346000997866
      ],
      [
       -97.66207265668015,
       30.437352127465346
      ],
      [
       -97.6620513394261,
       30.437332417969255
      ]
     ]
    ]
   }
  },
  {
   "type": "Feature",
   "properties": {
    "id": "15-D3",
    "lot": 15,
    "space": "D3",
    "status": "vacant",
    "color": "lightblue",
    "owner": "AKHTAR, Syed Hasan"
   },
   "geometry": {
    "type": "Polygon",
    "coordinates": [
     [
      [
       -97.66205895941151,
       30.437326291501773
      ],
      [
       -97.66206657939692,
       30.437320165034293
      ],
      [
       -97.66208789665099,
       30.437339874530384
      ],
      [
       -97.66208027666556,
       30.437346000997866
      ],
      [
       -97.66205895941151,
       30.437326291501773
      ]
     ]
    ]
   }
  },
  {
   "type": "Feature",
   "properties": {
    "id": "15-D4",
    "lot": 15,
    "space": "D4",
    "status": "vacant",
    "color": "lightblue",
    "owner": "AKHTAR, Syed Hasan"
   },
   "geometry": {
    "type": "Polygon",
    "coordinates": [
     [
      [
       -97.66206657939692,
       30.437320165034293
      ],
      [
       -97.66207419938233,
       30.43731403856681
      ],
      [
       -97.6620955166364,
       30.4373337480629
      ],
      [
       -97.66208789665099,
       30.437339874530384
      ],
      [
       -97.66206657939692,
       30.437320165034293
      ]
     ]
    ]
   }
  },
  {
   "type": "Feature",
   "properties": {
    "id": "16-A3",
    "lot": 16,
    "space": "A3",
    "status": "vacant",
    "color": "lightblue",
    "owner": "KHATAW, Aliraza"
   },
   "geometry": {
    "type": "Polygon",
    "coordinates": [
     [
      [
       -97.66194607277919,
       30.437380168000995
      ],
      [
       -97.66195369276461,
       30.437374041533513
      ],
      [
       -97.66197501001866,
       30.437393751029603
      ],
      [
       -97.66196739003325,
       30.437399877497086
      ],
      [
       -97.66194607277919,
       30.437380168000995
      ]
     ]
    ]
   }
  },
  {
   "type": "Feature",
   "properties": {
    "id": "16-A4",
    "lot": 16,
    "space": "A4",
    "status": "vacant",
    "color": "lightblue",
    "owner": "KHATAW, Aliraza"
   },
   "geometry": {
    "type": "Polygon",
    "coordinates": [
     [
      [
       -97.66195369276461,
       30.437374041533513
      ],
      [
       -97.66196131275002,
       30.43736791506603
      ],
      [
       -97.66198263000408,
       30.43738762456212
      ],
      [
       -97.66197501001866,
       30.437393751029603
      ],
      [
       -97.66195369276461,
       30.437374041533513
      ]
     ]
    ]
   }
  },
  {
   "type": "Feature",
   "properties": {
    "id": "16-B1",
    "lot": 16,
    "space": "B1",
    "status": "vacant",
    "color": "lightblue",
    "owner": "KHATAW, Aliraza"
   },
   "geometry": {
    "type": "Polygon",
    "coordinates": [
     [
      [
       -97.66196131275002,
       30.43736791506603
      ],
      [
       -97.66196893273543,
       30.437361788598547
      ],
      [
       -97.6619902499895,
       30.43738149809464
      ],
      [
       -97.66198263000408,
       30.43738762456212
      ],
      [
       -97.66196131275002,
       30.43736791506603
      ]
     ]
    ]
   }
  },
  {
   "type": "Feature",
   "properties": {
    "id": "16-B2",
    "lot": 16,
    "space": "B2",
    "status": "vacant",
    "color": "lightblue",
    "owner": "KHATAW, Aliraza"
   },
   "geometry": {
    "type": "Polygon",
    "coordinates": [
     [
      [
       -97.66196893273543,
       30.437361788598547
      ],
      [
       -97.66197655272084,
       30.43735566213107
      ],
      [
       -97.66199786997491,
       30.43737537162716
      ],
      [
       -97.6619902499895,
       30.43738149809464
      ],
      [
       -97.66196893273543,
       30.437361788598547
      ]
     ]
    ]
   }
  },
  {
   "type": "Feature",
   "properties": {
    "id": "16-B3",
    "lot": 16,
    "space": "B3",
    "status": "vacant",
    "color": "lightblue",
    "owner": "KHATAW, Aliraza"
   },
   "geometry": {
    "type": "Polygon",
    "coordinates": [
     [
      [
       -97.66197655272084,
       30.43735566213107
      ],
      [
       -97.66198417270625,
       30.437349535663586
      ],
      [
       -97.66200548996032,
       30.437369245159676
      ],
      [
       -97.66199786997491,
       30.43737537162716
      ],
      [
       -97.66197655272084,
       30.43735566213107
      ]
     ]
    ]
   }
  },
  {
   "type": "Feature",
   "properties": {
    "id": "16-B4",
    "lot": 16,
    "space": "B4",
    "status": "vacant",
    "color": "lightblue",
    "owner": "KHATAW, Aliraza"
   },
   "geometry": {
    "type": "Polygon",
    "coordinates": [
     [
      [
       -97.66198417270625,
       30.437349535663586
      ],
      [
       -97.66199179269167,
       30.437343409196103
      ],
      [
       -97.66201310994573,
       30.437363118692193
      ],
      [
       -97.66200548996032,
       30.437369245159676
      ],
      [
       -97.66198417270625,
       30.437349535663586
      ]
     ]
    ]
   }
  },
  {
   "type": "Feature",
   "properties": {
    "id": "16-C1",
    "lot": 16,
    "space": "C1",
    "status": "vacant",
    "color": "lightblue",
    "owner": "KHATAW, Mohsin"
   },
   "geometry": {
    "type": "Polygon",
    "coordinates": [
     [
      [
       -97.66195215006243,
       30.437412130432048
      ],
      [
       -97.66195977004784,
       30.437406003964565
      ],
      [
       -97.6619810873019,
       30.43742571346066
      ],
      [
       -97.66197346731649,
       30.437431839928138
      ],
      [
       -97.66195215006243,
       30.437412130432048
      ]
     ]
    ]
   }
  },
  {
   "type": "Feature",
   "properties": {
    "id": "16-C2",
    "lot": 16,
    "space": "C2",
    "status": "vacant",
    "color": "lightblue",
    "owner": "KHATAW, Mohsin"
   },
   "geometry": {
    "type": "Polygon",
    "coordinates": [
     [
      [
       -97.66195977004784,
       30.437406003964565
      ],
      [
       -97.66196739003325,
       30.437399877497086
      ],
      [
       -97.66198870728732,
       30.437419586993176
      ],
      [
       -97.6619810873019,
       30.43742571346066
      ],
      [
       -97.66195977004784,
       30.437406003964565
      ]
     ]
    ]
   }
  },
  {
   "type": "Feature",
   "properties": {
    "id": "16-C3",
    "lot": 16,
    "space": "C3",
    "status": "vacant",
    "color": "lightblue",
    "owner": "KHATAW, Mohsin"
   },
   "geometry": {
    "type": "Polygon",
    "coordinates": [
     [
      [
       -97.66196739003325,
       30.437399877497086
      ],
      [
       -97.66197501001866,
       30.437393751029603
      ],
      [
       -97.66199632727273,
       30.437413460525693
      ],
      [
       -97.66198870728732,
       30.437419586993176
      ],
      [
       -97.66196739003325,
       30.437399877497086
      ]
     ]
    ]
   }
  },
  {
   "type": "Feature",
   "properties": {
    "id": "16-C4",
    "lot": 16,
    "space": "C4",
    "status": "vacant",
    "color": "lightblue",
    "owner": "KHATAW, Mohsin"
   },
   "geometry": {
    "type": "Polygon",
    "coordinates": [
     [
      [
       -97.66197501001866,
       30.437393751029603
      ],
      [
       -97.66198263000408,
       30.43738762456212
      ],
      [
       -97.66200394725814,
       30.437407334058214
      ],
      [
       -97.66199632727273,
       30.437413460525693
      ],
      [
       -97.66197501001866,
       30.437393751029603
      ]
     ]
    ]
   }
  },
  {
   "type": "Feature",
   "properties": {
    "id": "16-D1",
    "lot": 16,
    "space": "D1",
    "status": "vacant",
    "color": "lightblue",
    "owner": "KHATAW, Mohsin"
   },
   "geometry": {
    "type": "Polygon",
    "coordinates": [
     [
      [
       -97.66198263000408,
       30.43738762456212
      ],
      [
       -97.6619902499895,
       30.43738149809464
      ],
      [
       -97.66201156724355,
       30.43740120759073
      ],
      [
       -97.66200394725814,
       30.437407334058214
      ],
      [
       -97.66198263000408,
       30.43738762456212
      ]
     ]
    ]
   }
  },
  {
   "type": "Feature",
   "properties": {
    "id": "16-D2",
    "lot": 16,
    "space": "D2",
    "status": "vacant",
    "color": "lightblue",
    "owner": "KHATAW, Mohsin"
   },
   "geometry": {
    "type": "Polygon",
    "coordinates": [
     [
      [
       -97.6619902499895,
       30.43738149809464
      ],
      [
       -97.66199786997491,
       30.43737537162716
      ],
      [
       -97.66201918722896,
       30.43739508112325
      ],
      [
       -97.66201156724355,
       30.43740120759073
      ],
      [
       -97.6619902499895,
       30.43738149809464
      ]
     ]
    ]
   }
  },
  {
   "type": "Feature",
   "properties": {
    "id": "16-D3",
    "lot": 16,
    "space": "D3",
    "status": "vacant",
    "color": "lightblue",
    "owner": "KHATAW, Mohsin"
   },
   "geometry": {
    "type": "Polygon",
    "coordinates": [
     [
      [
       -97.66199786997491,
       30.43737537162716
      ],
      [
       -97.66200548996032,
       30.437369245159676
      ],
      [
       -97.66202680721437,
       30.437388954655766
      ],
      [
       -97.66201918722896,
       30.43739508112325
      ],
      [
       -97.66199786997491,
       30.43737537162716
      ]
     ]
    ]
   }
  },
  {
   "type": "Feature",
   "properties": {
    "id": "16-D4",
    "lot": 16,
    "space": "D4",
    "status": "vacant",
    "color": "lightblue",
    "owner": "KHATAW, Mohsin"
   },
   "geometry": {
    "type": "Polygon",
    "coordinates": [
     [
      [
       -97.66200548996032,
       30.437369245159676
      ],
      [
       -97.66201310994573,
       30.437363118692193
      ],
      [
       -97.6620344271998,
       30.437382828188287
      ],
      [
       -97.66202680721437,
       30.437388954655766
      ],
      [
       -97.66200548996032,
       30.437369245159676
      ]
     ]
    ]
   }
  },
  {
   "type": "Feature",
   "properties": {
    "id": "17-A1",
    "lot": 17,
    "space": "A1",
    "status": "unowned",
    "color": "white"
   },
   "geometry": {
    "type": "Polygon",
    "coordinates": [
     [
      [
       -97.66221777722002,
       30.43723570099349
      ],
      [
       -97.66222539720543,
       30.437229574526008
      ],
      [
       -97.6622467144595,
       30.4372492840221
      ],
      [
       -97.66223909447409,
       30.43725541048958
      ],
      [
       -97.66221777722002,
       30.43723570099349
      ]
     ]
    ]
   }
  },
  {
   "type": "Feature",
   "properties": {
    "id": "17-A2",
    "lot": 17,
    "space": "A2",
    "status": "unowned",
    "color": "white"
   },
   "geometry": {
    "type": "Polygon",
    "coordinates": [
     [
      [
       -97.66222539720543,
       30.437229574526008
      ],
      [
       -97.66223301719086,
       30.43722344805853
      ],
      [
       -97.66225433444491,
       30.43724315755462
      ],
      [
       -97.6622467144595,
       30.4372492840221
      ],
      [
       -97.66222539720543,
       30.437229574526008
      ]
     ]
    ]
   }
  },
  {
   "type": "Feature",
   "properties": {
    "id": "17-A3",
    "lot": 17,
    "space": "A3",
    "status": "unowned",
    "color": "white"
   },
   "geometry": {
    "type": "Polygon",
    "coordinates": [
     [
      [
       -97.66223301719086,
       30.43722344805853
      ],
      [
       -97.66224063717627,
       30.437217321591046
      ],
      [
       -97.66226195443032,
       30.437237031087136
      ],
      [
       -97.66225433444491,
       30.43724315755462
      ],
      [
       -97.66223301719086,
       30.43722344805853
      ]
     ]
    ]
   }
  },
  {
   "type": "Feature",
   "properties": {
    "id": "17-A4",
    "lot": 17,
    "space": "A4",
    "status": "unowned",
    "color": "white"
   },
   "geometry": {
    "type": "Polygon",
    "coordinates": [
     [
      [
       -97.66224063717627,
       30.437217321591046
      ],
      [
       -97.66224825716168,
       30.437211195123563
      ],
      [
       -97.66226957441573,
       30.437230904619653
      ],
      [
       -97.66226195443032,
       30.437237031087136
      ],
      [
       -97.66224063717627,
       30.437217321591046
      ]
     ]
    ]
   }
  },
  {
   "type": "Feature",
   "properties": {
    "id": "17-B1",
    "lot": 17,
    "space": "B1",
    "status": "unowned",
    "color": "white"
   },
   "geometry": {
    "type": "Polygon",
    "coordinates": [
     [
      [
       -97.66224825716168,
       30.437211195123563
      ],
      [
       -97.66225587714709,
       30.43720506865608
      ],
      [
       -97.66227719440116,
       30.437224778152174
      ],
      [
       -97.66226957441573,
       30.437230904619653
      ],
      [
       -97.66224825716168,
       30.437211195123563
      ]
     ]
    ]
   }
  },
  {
   "type": "Feature",
   "properties": {
    "id": "17-B2",
    "lot": 17,
    "space": "B2",
    "status": "unowned",
    "color": "white"
   },
   "geometry": {
    "type": "Polygon",
    "coordinates": [
     [
      [
       -97.66225587714709,
       30.43720506865608
      ],
      [
       -97.6622634971325,
       30.4371989421886
      ],
      [
       -97.66228481438657,
       30.43721865168469
      ],
      [
       -97.66227719440116,
       30.437224778152174
      ],
      [
       -97.66225587714709,
       30.43720506865608
      ]
     ]
    ]
   }
  },
  {
   "type": "Feature",
   "properties": {
    "id": "17-B3",
    "lot": 17,
    "space": "B3",
    "status": "unowned",
    "color": "white"
   },
   "geometry": {
    "type": "Polygon",
    "coordinates": [
     [
      [
       -97.6622634971325,
       30.4371989421886
      ],
      [
       -97.66227111711791,
       30.43719281572112
      ],
      [
       -97.66229243437198,
       30.43721252521721
      ],
      [
       -97.66228481438657,
       30.43721865168469
      ],
      [
       -97.6622634971325,
       30.4371989421886
      ]
     ]
    ]
   }
  },
  {
   "type": "Feature",
   "properties": {
    "id": "17-B4",
    "lot": 17,
    "space": "B4",
    "status": "unowned",
    "color": "white"
   },
   "geometry": {
    "type": "Polygon",
    "coordinates": [
     [
      [
       -97.66227111711791,
       30.43719281572112
      ],
      [
       -97.66227873710332,
       30.437186689253636
      ],
      [
       -97.66230005435739,
       30.437206398749726
      ],
      [
       -97.66229243437198,
       30.43721252521721
      ],
      [
       -97.66227111711791,
       30.43719281572112
      ]
     ]
    ]
   }
  },
  {
   "type": "Feature",
   "properties": {
    "id": "17-C1",
    "lot": 17,
    "space": "C1",
    "status": "unowned",
    "color": "white"
   },
   "geometry": {
    "type": "Polygon",
    "coordinates": [
     [
      [
       -97.66223909447409,
       30.43725541048958
      ],
      [
       -97.6622467144595,
       30.4372492840221
      ],
      [
       -97.66226803171357,
       30.43726899351819
      ],
      [
       -97.66226041172814,
       30.437275119985674
      ],
      [
       -97.66223909447409,
       30.43725541048958
      ]
     ]
    ]
   }
  },
  {
   "type": "Feature",
   "properties": {
    "id": "17-C2",
    "lot": 17,
    "space": "C2",
    "status": "unowned",
    "color": "white"
   },
   "geometry": {
    "type": "Polygon",
    "coordinates": [
     [
      [
       -97.6622467144595,
       30.4372492840221
      ],
      [
       -97.66225433444491,
       30.43724315755462
      ],
      [
       -97.66227565169898,
       30.43726286705071
      ],
      [
       -97.66226803171357,
       30.43726899351819
      ],
      [
       -97.6622467144595,
       30.4372492840221
      ]
     ]
    ]
   }
  },
  {
   "type": "Feature",
   "properties": {
    "id": "17-C3",
    "lot": 17,
    "space": "C3",
    "status": "unowned",
    "color": "white"
   },
   "geometry": {
    "type": "Polygon",
    "coordinates": [
     [
      [
       -97.66225433444491,
       30.43724315755462
      ],
      [
       -97.66226195443032,
       30.437237031087136
      ],
      [
       -97.66228327168439,
       30.437256740583226
      ],
      [
       -97.66227565169898,
       30.43726286705071
      ],
      [
       -97.66225433444491,
       30.43724315755462
      ]
     ]
    ]
   }
  },
  {
   "type": "Feature",
   "properties": {
    "id": "17-C4",
    "lot": 17,
    "space": "C4",
    "status": "unowned",
    "color": "white"
   },
   "geometry": {
    "type": "Polygon",
    "coordinates": [
     [
      [
       -97.66226195443032,
       30.437237031087136
      ],
      [
       -97.66226957441573,
       30.437230904619653
      ],
      [
       -97.6622908916698,
       30.437250614115747
      ],
      [
       -97.66228327168439,
       30.437256740583226
      ],
      [
       -97.66226195443032,
       30.437237031087136
      ]
     ]
    ]
   }
  },
  {
   "type": "Feature",
   "properties": {
    "id": "17-D1",
    "lot": 17,
    "space": "D1",
    "status": "unowned",
    "color": "white"
   },
   "geometry": {
    "type": "Polygon",
    "coordinates": [
     [
      [
       -97.66226957441573,
       30.437230904619653
      ],
      [
       -97.66227719440116,
       30.437224778152174
      ],
      [
       -97.66229851165521,
       30.437244487648265
      ],
      [
       -97.6622908916698,
       30.437250614115747
      ],
      [
       -97.66226957441573,
       30.437230904619653
      ]
     ]
    ]
   }
  },
  {
   "type": "Feature",
   "properties": {
    "id": "17-D2",
    "lot": 17,
    "space": "D2",
    "status": "unowned",
    "color": "white"
   },
   "geometry": {
    "type": "Polygon",
    "coordinates": [
     [
      [
       -97.66227719440116,
       30.437224778152174
      ],
      [
       -97.66228481438657,
       30.43721865168469
      ],
      [
       -97.66230613164062,
       30.437238361180782
      ],
      [
       -97.66229851165521,
       30.437244487648265
      ],
      [
       -97.66227719440116,
       30.437224778152174
      ]
     ]
    ]
   }
  },
  {
   "type": "Feature",
   "properties": {
    "id": "17-D3",
    "lot": 17,
    "space": "D3",
    "status": "unowned",
    "color": "white"
   },
   "geometry": {
    "type": "Polygon",
    "coordinates": [
     [
      [
       -97.66228481438657,
       30.43721865168469
      ],
      [
       -97.66229243437198,
       30.43721252521721
      ],
      [
       -97.66231375162603,
       30.4372322347133
      ],
      [
       -97.66230613164062,
       30.437238361180782
      ],
      [
       -97.66228481438657,
       30.43721865168469
      ]
     ]
    ]
   }
  },
  {
   "type": "Feature",
   "properties": {
    "id": "17-D4",
    "lot": 17,
    "space": "D4",
    "status": "unowned",
    "color": "white"
   },
   "geometry": {
    "type": "Polygon",
    "coordinates": [
     [
      [
       -97.66229243437198,
       30.43721252521721
      ],
      [
       -97.66230005435739,
       30.437206398749726
      ],
      [
       -97.66232137161145,
       30.43722610824582
      ],
      [
       -97.66231375162603,
       30.4372322347133
      ],
      [
       -97.66229243437198,
       30.43721252521721
      ]
     ]
    ]
   }
  },
  {
   "type": "Feature",
   "properties": {
    "id": "18-A1",
    "lot": 18,
    "space": "A1",
    "status": "buried",
    "color": "red"
   },
   "geometry": {
    "type": "Polygon",
    "coordinates": [
     [
      [
       -97.66215652866266,
       30.437284408197655
      ],
      [
       -97.66216414864807,
       30.437278281730173
      ],
      [
       -97.66218546590214,
       30.437297991226263
      ],
      [
       -97.66217784591672,
       30.437304117693746
      ],
      [
       -97.66215652866266,
       30.437284408197655
      ]
     ]
    ]
   }
  },
  {
   "type": "Feature",
   "properties": {
    "id": "18-A2",
    "lot": 18,
    "space": "A2",
    "status": "unowned",
    "color": "white"
   },
   "geometry": {
    "type": "Polygon",
    "coordinates": [
     [
      [
       -97.66216414864807,
       30.437278281730173
      ],
      [
       -97.66217176863348,
       30.43727215526269
      ],
      [
       -97.66219308588755,
       30.437291864758784
      ],
      [
       -97.66218546590214,
       30.437297991226263
      ],
      [
       -97.66216414864807,
       30.437278281730173
      ]
     ]
    ]
   }
  },
  {
   "type": "Feature",
   "properties": {
    "id": "18-A3",
    "lot": 18,
    "space": "A3",
    "status": "unowned",
    "color": "white"
   },
   "geometry": {
    "type": "Polygon",
    "coordinates": [
     [
      [
       -97.66217176863348,
       30.43727215526269
      ],
      [
       -97.6621793886189,
       30.43726602879521
      ],
      [
       -97.66220070587296,
       30.4372857382913
      ],
      [
       -97.66219308588755,
       30.437291864758784
      ],
      [
       -97.66217176863348,
       30.43727215526269
      ]
     ]
    ]
   }
  },
  {
   "type": "Feature",
   "properties": {
    "id": "18-A4",
    "lot": 18,
    "space": "A4",
    "status": "unowned",
    "color": "white"
   },
   "geometry": {
    "type": "Polygon",
    "coordinates": [
     [
      [
       -97.6621793886189,
       30.43726602879521
      ],
      [
       -97.6621870086043,
       30.437259902327728
      ],
      [
       -97.66220832585837,
       30.43727961182382
      ],
      [
       -97.66220070587296,
       30.4372857382913
      ],
      [
       -97.6621793886189,
       30.43726602879521
      ]
     ]
    ]
   }
  },
  {
   "type": "Feature",
   "properties": {
    "id": "18-B1",
    "lot": 18,
    "space": "B1",
    "status": "buried",
    "color": "red"
   },
   "geometry": {
    "type": "Polygon",
    "coordinates": [
     [
      [
       -97.6621870086043,
       30.437259902327728
      ],
      [
       -97.66219462858973,
       30.437253775860245
      ],
      [
       -97.66221594584378,
       30.437273485356336
      ],
      [
       -97.66220832585837,
       30.43727961182382
      ],
      [
       -97.6621870086043,
       30.437259902327728
      ]
     ]
    ]
   }
  },
  {
   "type": "Feature",
   "properties": {
    "id": "18-C1",
    "lot": 18,
    "space": "C1",
    "status": "occupied",
    "color": "darkblue",
    "person": {
     "name": "MOADDEB, Javad",
     "burial": "2016-02-05"
    }
   },
   "geometry": {
    "type": "Polygon",
    "coordinates": [
     [
      [
       -97.66217784591672,
       30.437304117693746
      ],
      [
       -97.66218546590214,
       30.437297991226263
      ],
      [
       -97.6622067831562,
       30.437317700722357
      ],
      [
       -97.66219916317078,
       30.437323827189836
      ],
      [
       -97.66217784591672,
       30.437304117693746
      ]
     ]
    ]
   }
  },
  {
   "type": "Feature",
   "properties": {
    "id": "18-C2",
    "lot": 18,
    "space": "C2",
    "status": "occupied",
    "color": "darkblue",
    "person": {
     "name": "ASKARIAN, Nahid",
     "burial": "2019-10-18"
    }
   },
   "geometry": {
    "type": "Polygon",
    "coordinates": [
     [
      [
       -97.66218546590214,
       30.437297991226263
      ],
      [
       -97.66219308588755,
       30.437291864758784
      ],
      [
       -97.6622144031416,
       30.437311574254874
      ],
      [
       -97.6622067831562,
       30.437317700722357
      ],
      [
       -97.66218546590214,
       30.437297991226263
      ]
     ]
    ]
   }
  },
  {
   "type": "Feature",
   "properties": {
    "id": "18-C3",
    "lot": 18,
    "space": "C3",
    "status": "unowned",
    "color": "white"
   },
   "geometry": {
    "type": "Polygon",
    "coordinates": [
     [
      [
       -97.66219308588755,
       30.437291864758784
      ],
      [
       -97.66220070587296,
       30.4372857382913
      ],
      [
       -97.66222202312701,
       30.43730544778739
      ],
      [
       -97.6622144031416,
       30.437311574254874
      ],
      [
       -97.66219308588755,
       30.437291864758784
      ]
     ]
    ]
   }
  },
  {
   "type": "Feature",
   "properties": {
    "id": "18-C4",
    "lot": 18,
    "space": "C4",
    "status": "unowned",
    "color": "white"
   },
   "geometry": {
    "type": "Polygon",
    "coordinates": [
     [
      [
       -97.66220070587296,
       30.4372857382913
      ],
      [
       -97.66220832585837,
       30.43727961182382
      ],
      [
       -97.66222964311244,
       30.43729932131991
      ],
      [
       -97.66222202312701,
       30.43730544778739
      ],
      [
       -97.66220070587296,
       30.4372857382913
      ]
     ]
    ]
   }
  },
  {
   "type": "Feature",
   "properties": {
    "id": "18-D1",
    "lot": 18,
    "space": "D1",
    "status": "occupied",
    "color": "darkblue",
    "person": {
     "name": "HELFOROUSH, Mohammad Ali",
     "burial": "2012-01-15"
    }
   },
   "geometry": {
    "type": "Polygon",
    "coordinates": [
     [
      [
       -97.66220832585837,
       30.43727961182382
      ],
      [
       -97.66221594584378,
       30.437273485356336
      ],
      [
       -97.66223726309785,
       30.43729319485243
      ],
      [
       -97.66222964311244,
       30.43729932131991
      ],
      [
       -97.66220832585837,
       30.43727961182382
      ]
     ]
    ]
   }
  },
  {
   "type": "Feature",
   "properties": {
    "id": "19-A1",
    "lot": 19,
    "space": "A1",
    "status": "unowned",
    "color": "white"
   },
   "geometry": {
    "type": "Polygon",
    "coordinates": [
     [
      [
       -97.66209557106487,
       30.437333704302418
      ],
      [
       -97.66210319105028,
       30.43732757783494
      ],
      [
       -97.66212450830433,
       30.43734728733103
      ],
      [
       -97.66211688831892,
       30.437353413798512
      ],
      [
       -97.66209557106487,
       30.437333704302418
      ]
     ]
    ]
   }
  },
  {
   "type": "Feature",
   "properties": {
    "id": "19-A2",
    "lot": 19,
    "space": "A2",
    "status": "unowned",
    "color": "white"
   },
   "geometry": {
    "type": "Polygon",
    "coordinates": [
     [
      [
       -97.66210319105028,
       30.43732757783494
      ],
      [
       -97.66211081103569,
       30.437321451367456
      ],
      [
       -97.66213212828974,
       30.437341160863546
      ],
      [
       -97.66212450830433,
       30.43734728733103
      ],
      [
       -97.66210319105028,
       30.43732757783494
      ]
     ]
    ]
   }
  },
  {
   "type": "Feature",
   "properties": {
    "id": "19-A3",
    "lot": 19,
    "space": "A3",
    "status": "unowned",
    "color": "white"
   },
   "geometry": {
    "type": "Polygon",
    "coordinates": [
     [
      [
       -97.66211081103569,
       30.437321451367456
      ],
      [
       -97.6621184310211,
       30.437315324899973
      ],
      [
       -97.66213974827517,
       30.437335034396064
      ],
      [
       -97.66213212828974,
       30.437341160863546
      ],
      [
       -97.66211081103569,
       30.437321451367456
      ]
     ]
    ]
   }
  },
  {
   "type": "Feature",
   "properties": {
    "id": "19-A4",
    "lot": 19,
    "space": "A4",
    "status": "unowned",
    "color": "white"
   },
   "geometry": {
    "type": "Polygon",
    "coordinates": [
     [
      [
       -97.6621184310211,
       30.437315324899973
      ],
      [
       -97.66212605100651,
       30.43730919843249
      ],
      [
       -97.66214736826058,
       30.437328907928585
      ],
      [
       -97.66213974827517,
       30.437335034396064
      ],
      [
       -97.6621184310211,
       30.437315324899973
      ]
     ]
    ]
   }
  },
  {
   "type": "Feature",
   "properties": {
    "id": "19-B1",
    "lot": 19,
    "space": "B1",
    "status": "unowned",
    "color": "white"
   },
   "geometry": {
    "type": "Polygon",
    "coordinates": [
     [
      [
       -97.66212605100651,
       30.43730919843249
      ],
      [
       -97.66213367099192,
       30.43730307196501
      ],
      [
       -97.66215498824599,
       30.437322781461102
      ],
      [
       -97.66214736826058,
       30.437328907928585
      ],
      [
       -97.66212605100651,
       30.43730919843249
      ]
     ]
    ]
   }
  },
  {
   "type": "Feature",
   "properties": {
    "id": "19-B2",
    "lot": 19,
    "space": "B2",
    "status": "unowned",
    "color": "white"
   },
   "geometry": {
    "type": "Polygon",
    "coordinates": [
     [
      [
       -97.66213367099192,
       30.43730307196501
      ],
      [
       -97.66214129097735,
       30.43729694549753
      ],
      [
       -97.6621626082314,
       30.43731665499362
      ],
      [
       -97.66215498824599,
       30.437322781461102
      ],
      [
       -97.66213367099192,
       30.43730307196501
      ]
     ]
    ]
   }
  },
  {
   "type": "Feature",
   "properties": {
    "id": "19-B3",
    "lot": 19,
    "space": "B3",
    "status": "unowned",
    "color": "white"
   },
   "geometry": {
    "type": "Polygon",
    "coordinates": [
     [
      [
       -97.66214129097735,
       30.43729694549753
      ],
      [
       -97.66214891096276,
       30.437290819030046
      ],
      [
       -97.66217022821681,
       30.437310528526137
      ],
      [
       -97.6621626082314,
       30.43731665499362
      ],
      [
       -97.66214129097735,
       30.43729694549753
      ]
     ]
    ]
   }
  },
  {
   "type": "Feature",
   "properties": {
    "id": "19-B4",
    "lot": 19,
    "space": "B4",
    "status": "unowned",
    "color": "white"
   },
   "geometry": {
    "type": "Polygon",
    "coordinates": [
     [
      [
       -97.66214891096276,
       30.437290819030046
      ],
      [
       -97.66215653094817,
       30.437284692562567
      ],
      [
       -97.66217784820222,
       30.437304402058658
      ],
      [
       -97.66217022821681,
       30.437310528526137
      ],
      [
       -97.66214891096276,
       30.437290819030046
      ]
     ]
    ]
   }
  },
  {
   "type": "Feature",
   "properties": {
    "id": "19-C1",
    "lot": 19,
    "space": "C1",
    "status": "unowned",
    "color": "white"
   },
   "geometry": {
    "type": "Polygon",
    "coordinates": [
     [
      [
       -97.66211688831892,
       30.437353413798512
      ],
      [
       -97.66212450830433,
       30.43734728733103
      ],
      [
       -97.6621458255584,
       30.43736699682712
      ],
      [
       -97.66213820557299,
       30.437373123294602
      ],
      [
       -97.66211688831892,
       30.437353413798512
      ]
     ]
    ]
   }
  },
  {
   "type": "Feature",
   "properties": {
    "id": "19-C2",
    "lot": 19,
    "space": "C2",
    "status": "unowned",
    "color": "white"
   },
   "geometry": {
    "type": "Polygon",
    "coordinates": [
     [
      [
       -97.66212450830433,
       30.43734728733103
      ],
      [
       -97.66213212828974,
       30.437341160863546
      ],
      [
       -97.66215344554381,
       30.437360870359637
      ],
      [
       -97.6621458255584,
       30.43736699682712
      ],
      [
       -97.66212450830433,
       30.43734728733103
      ]
     ]
    ]
   }
  },
  {
   "type": "Feature",
   "properties": {
    "id": "19-C3",
    "lot": 19,
    "space": "C3",
    "status": "unowned",
    "color": "white"
   },
   "geometry": {
    "type": "Polygon",
    "coordinates": [
     [
      [
       -97.66213212828974,
       30.437341160863546
      ],
      [
       -97.66213974827517,
       30.437335034396064
      ],
      [
       -97.66216106552922,
       30.437354743892158
      ],
      [
       -97.66215344554381,
       30.437360870359637
      ],
      [
       -97.66213212828974,
       30.437341160863546
      ]
     ]
    ]
   }
  },
  {
   "type": "Feature",
   "properties": {
    "id": "19-C4",
    "lot": 19,
    "space": "C4",
    "status": "unowned",
    "color": "white"
   },
   "geometry": {
    "type": "Polygon",
    "coordinates": [
     [
      [
       -97.66213974827517,
       30.437335034396064
      ],
      [
       -97.66214736826058,
       30.437328907928585
      ],
      [
       -97.66216868551463,
       30.437348617424675
      ],
      [
       -97.66216106552922,
       30.437354743892158
      ],
      [
       -97.66213974827517,
       30.437335034396064
      ]
     ]
    ]
   }
  },
  {
   "type": "Feature",
   "properties": {
    "id": "19-D1",
    "lot": 19,
    "space": "D1",
    "status": "unowned",
    "color": "white"
   },
   "geometry": {
    "type": "Polygon",
    "coordinates": [
     [
      [
       -97.66214736826058,
       30.437328907928585
      ],
      [
       -97.66215498824599,
       30.437322781461102
      ],
      [
       -97.66217630550005,
       30.437342490957192
      ],
      [
       -97.66216868551463,
       30.437348617424675
      ],
      [
       -97.66214736826058,
       30.437328907928585
      ]
     ]
    ]
   }
  },
  {
   "type": "Feature",
   "properties": {
    "id": "19-D2",
    "lot": 19,
    "space": "D2",
    "status": "unowned",
    "color": "white"
   },
   "geometry": {
    "type": "Polygon",
    "coordinates": [
     [
      [
       -97.66215498824599,
       30.437322781461102
      ],
      [
       -97.6621626082314,
       30.43731665499362
      ],
      [
       -97.66218392548546,
       30.43733636448971
      ],
      [
       -97.66217630550005,
       30.437342490957192
      ],
      [
       -97.66215498824599,
       30.437322781461102
      ]
     ]
    ]
   }
  },
  {
   "type": "Feature",
   "properties": {
    "id": "19-D3",
    "lot": 19,
    "space": "D3",
    "status": "unowned",
    "color": "white"
   },
   "geometry": {
    "type": "Polygon",
    "coordinates": [
     [
      [
       -97.6621626082314,
       30.43731665499362
      ],
      [
       -97.66217022821681,
       30.437310528526137
      ],
      [
       -97.66219154547088,
       30.43733023802223
      ],
      [
       -97.66218392548546,
       30.43733636448971
      ],
      [
       -97.6621626082314,
       30.43731665499362
      ]
     ]
    ]
   }
  },
  {
   "type": "Feature",
   "properties": {
    "id": "19-D4",
    "lot": 19,
    "space": "D4",
    "status": "unowned",
    "color": "white"
   },
   "geometry": {
    "type": "Polygon",
    "coordinates": [
     [
      [
       -97.66217022821681,
       30.437310528526137
      ],
      [
       -97.66217784820222,
       30.437304402058658
      ],
      [
       -97.66219916545629,
       30.437324111554748
      ],
      [
       -97.66219154547088,
       30.43733023802223
      ],
      [
       -97.66217022821681,
       30.437310528526137
      ]
     ]
    ]
   }
  },
  {
   "type": "Feature",
   "properties": {
    "id": "20-A1",
    "lot": 20,
    "space": "A1",
    "status": "unowned",
    "color": "white"
   },
   "geometry": {
    "type": "Polygon",
    "coordinates": [
     [
      [
       -97.6620342170111,
       30.43738274675283
      ],
      [
       -97.66204183699651,
       30.437376620285352
      ],
      [
       -97.66206315425056,
       30.437396329781443
      ],
      [
       -97.66205553426515,
       30.437402456248925
      ],
      [
       -97.6620342170111,
       30.43738274675283
      ]
     ]
    ]
   }
  },
  {
   "type": "Feature",
   "properties": {
    "id": "20-A2",
    "lot": 20,
    "space": "A2",
    "status": "unowned",
    "color": "white"
   },
   "geometry": {
    "type": "Polygon",
    "coordinates": [
     [
      [
       -97.66204183699651,
       30.437376620285352
      ],
      [
       -97.66204945698192,
       30.43737049381787
      ],
      [
       -97.66207077423597,
       30.43739020331396
      ],
      [
       -97.66206315425056,
       30.437396329781443
      ],
      [
       -97.66204183699651,
       30.437376620285352
      ]
     ]
    ]
   }
  },
  {
   "type": "Feature",
   "properties": {
    "id": "20-A3",
    "lot": 20,
    "space": "A3",
    "status": "unowned",
    "color": "white"
   },
   "geometry": {
    "type": "Polygon",
    "coordinates": [
     [
      [
       -97.66204945698192,
       30.43737049381787
      ],
      [
       -97.66205707696733,
       30.437364367350387
      ],
      [
       -97.6620783942214,
       30.437384076846477
      ],
      [
       -97.66207077423597,
       30.43739020331396
      ],
      [
       -97.66204945698192,
       30.43737049381787
      ]
     ]
    ]
   }
  },
  {
   "type": "Feature",
   "properties": {
    "id": "20-A4",
    "lot": 20,
    "space": "A4",
    "status": "buried",
    "color": "red"
   },
   "geometry": {
    "type": "Polygon",
    "coordinates": [
     [
      [
       -97.66205707696733,
       30.437364367350387
      ],
      [
       -97.66206469695274,
       30.437358240882904
      ],
      [
       -97.6620860142068,
       30.437377950379
      ],
      [
       -97.6620783942214,
       30.437384076846477
      ],
      [
       -97.66205707696733,
       30.437364367350387
      ]
     ]
    ]
   }
  },
  {
   "type": "Feature",
   "properties": {
    "id": "20-B1",
    "lot": 20,
    "space": "B1",
    "status": "unowned",
    "color": "white"
   },
   "geometry": {
    "type": "Polygon",
    "coordinates": [
     [
      [
       -97.66206469695274,
       30.437358240882904
      ],
      [
       -97.66207231693815,
       30.437352114415425
      ],
      [
       -97.66209363419222,
       30.437371823911516
      ],
      [
       -97.6620860142068,
       30.437377950379
      ],
      [
       -97.66206469695274,
       30.437358240882904
      ]
     ]
    ]
   }
  },
  {
   "type": "Feature",
   "properties": {
    "id": "20-B2",
    "lot": 20,
    "space": "B2",
    "status": "buried",
    "color": "red"
   },
   "geometry": {
    "type": "Polygon",
    "coordinates": [
     [
      [
       -97.66207231693815,
       30.437352114415425
      ],
      [
       -97.66207993692356,
       30.437345987947943
      ],
      [
       -97.66210125417763,
       30.437365697444033
      ],
      [
       -97.66209363419222,
       30.437371823911516
      ],
      [
       -97.66207231693815,
       30.437352114415425
      ]
     ]
    ]
   }
  },
  {
   "type": "Feature",
   "properties": {
    "id": "20-B3",
    "lot": 20,
    "space": "B3",
    "status": "buried",
    "color": "red"
   },
   "geometry": {
    "type": "Polygon",
    "coordinates": [
     [
      [
       -97.66207993692356,
       30.437345987947943
      ],
      [
       -97.66208755690899,
       30.43733986148046
      ],
      [
       -97.66210887416304,
       30.43735957097655
      ],
      [
       -97.66210125417763,
       30.437365697444033
      ],
      [
       -97.66207993692356,
       30.437345987947943
      ]
     ]
    ]
   }
  },
  {
   "type": "Feature",
   "properties": {
    "id": "20-B4",
    "lot": 20,
    "space": "B4",
    "status": "unowned",
    "color": "white"
   },
   "geometry": {
    "type": "Polygon",
    "coordinates": [
     [
      [
       -97.66208755690899,
       30.43733986148046
      ],
      [
       -97.6620951768944,
       30.437333735012977
      ],
      [
       -97.66211649414845,
       30.43735344450907
      ],
      [
       -97.66210887416304,
       30.43735957097655
      ],
      [
       -97.66208755690899,
       30.43733986148046
      ]
     ]
    ]
   }
  },
  {
   "type": "Feature",
   "properties": {
    "id": "20-C1",
    "lot": 20,
    "space": "C1",
    "status": "unowned",
    "color": "white"
   },
   "geometry": {
    "type": "Polygon",
    "coordinates": [
     [
      [
       -97.66205553426515,
       30.437402456248925
      ],
      [
       -97.66206315425056,
       30.437396329781443
      ],
      [
       -97.66208447150463,
       30.437416039277533
      ],
      [
       -97.66207685151922,
       30.437422165745016
      ],
      [
       -97.66205553426515,
       30.437402456248925
      ]
     ]
    ]
   }
  },
  {
   "type": "Feature",
   "properties": {
    "id": "20-C2",
    "lot": 20,
    "space": "C2",
    "status": "buried",
    "color": "red"
   },
   "geometry": {
    "type": "Polygon",
    "coordinates": [
     [
      [
       -97.66206315425056,
       30.437396329781443
      ],
      [
       -97.66207077423597,
       30.43739020331396
      ],
      [
       -97.66209209149004,
       30.43740991281005
      ],
      [
       -97.66208447150463,
       30.437416039277533
      ],
      [
       -97.66206315425056,
       30.437396329781443
      ]
     ]
    ]
   }
  },
  {
   "type": "Feature",
   "properties": {
    "id": "20-C3",
    "lot": 20,
    "space": "C3",
    "status": "unowned",
    "color": "white"
   },
   "geometry": {
    "type": "Polygon",
    "coordinates": [
     [
      [
       -97.66207077423597,
       30.43739020331396
      ],
      [
       -97.6620783942214,
       30.437384076846477
      ],
      [
       -97.66209971147545,
       30.43740378634257
      ],
      [
       -97.66209209149004,
       30.43740991281005
      ],
      [
       -97.66207077423597,
       30.43739020331396
      ]
     ]
    ]
   }
  },
  {
   "type": "Feature",
   "properties": {
    "id": "20-C4",
    "lot": 20,
    "space": "C4",
    "status": "unowned",
    "color": "white"
   },
   "geometry": {
    "type": "Polygon",
    "coordinates": [
     [
      [
       -97.6620783942214,
       30.437384076846477
      ],
      [
       -97.6620860142068,
       30.437377950379
      ],
      [
       -97.66210733146086,
       30.43739765987509
      ],
      [
       -97.66209971147545,
       30.43740378634257
      ],
      [
       -97.6620783942214,
       30.437384076846477
      ]
     ]
    ]
   }
  },
  {
   "type": "Feature",
   "properties": {
    "id": "20-D1",
    "lot": 20,
    "space": "D1",
    "status": "unowned",
    "color": "white"
   },
   "geometry": {
    "type": "Polygon",
    "coordinates": [
     [
      [
       -97.6620860142068,
       30.437377950379
      ],
      [
       -97.66209363419222,
       30.437371823911516
      ],
      [
       -97.66211495144627,
       30.437391533407606
      ],
      [
       -97.66210733146086,
       30.43739765987509
      ],
      [
       -97.6620860142068,
       30.437377950379
      ]
     ]
    ]
   }
  },
  {
   "type": "Feature",
   "properties": {
    "id": "20-D2",
    "lot": 20,
    "space": "D2",
    "status": "unowned",
    "color": "white"
   },
   "geometry": {
    "type": "Polygon",
    "coordinates": [
     [
      [
       -97.66209363419222,
       30.437371823911516
      ],
      [
       -97.66210125417763,
       30.437365697444033
      ],
      [
       -97.6621225714317,
       30.437385406940123
      ],
      [
       -97.66211495144627,
       30.437391533407606
      ],
      [
       -97.66209363419222,
       30.437371823911516
      ]
     ]
    ]
   }
  },
  {
   "type": "Feature",
   "properties": {
    "id": "20-D3",
    "lot": 20,
    "space": "D3",
    "status": "unowned",
    "color": "white"
   },
   "geometry": {
    "type": "Polygon",
    "coordinates": [
     [
      [
       -97.66210125417763,
       30.437365697444033
      ],
      [
       -97.66210887416304,
       30.43735957097655
      ],
      [
       -97.6621301914171,
       30.437379280472644
      ],
      [
       -97.6621225714317,
       30.437385406940123
      ],
      [
       -97.66210125417763,
       30.437365697444033
      ]
     ]
    ]
   }
  },
  {
   "type": "Feature",
   "properties": {
    "id": "20-D4",
    "lot": 20,
    "space": "D4",
    "status": "unowned",
    "color": "white"
   },
   "geometry": {
    "type": "Polygon",
    "coordinates": [
     [
      [
       -97.66210887416304,
       30.43735957097655
      ],
      [
       -97.66211649414845,
       30.43735344450907
      ],
      [
       -97.66213781140252,
       30.43737315400516
      ],
      [
       -97.6621301914171,
       30.437379280472644
      ],
      [
       -97.66210887416304,
       30.43735957097655
      ]
     ]
    ]
   }
  },
  {
   "type": "Feature",
   "properties": {
    "id": "21-A1",
    "lot": 21,
    "space": "A1",
    "status": "occupied",
    "color": "darkblue",
    "person": {
     "name": "QASIM, Yasmin",
     "burial": "2012-07-25"
    }
   },
   "geometry": {
    "type": "Polygon",
    "coordinates": [
     [
      [
       -97.66197337794544,
       30.43743162558
      ],
      [
       -97.66198099793085,
       30.437425499112518
      ],
      [
       -97.6620023151849,
       30.437445208608608
      ],
      [
       -97.6619946951995,
       30.43745133507609
      ],
      [
       -97.66197337794544,
       30.43743162558
      ]
     ]
    ]
   }
  },
  {
   "type": "Feature",
   "properties": {
    "id": "21-A2",
    "lot": 21,
    "space": "A2",
    "status": "buried",
    "color": "red"
   },
   "geometry": {
    "type": "Polygon",
    "coordinates": [
     [
      [
       -97.66198099793085,
       30.437425499112518
      ],
      [
       -97.66198861791626,
       30.437419372645035
      ],
      [
       -97.66200993517033,
       30.43743908214113
      ],
      [
       -97.6620023151849,
       30.437445208608608
      ],
      [
       -97.66198099793085,
       30.437425499112518
      ]
     ]
    ]
   }
  },
  {
   "type": "Feature",
   "properties": {
    "id": "21-A3",
    "lot": 21,
    "space": "A3",
    "status": "unowned",
    "color": "white"
   },
   "geometry": {
    "type": "Polygon",
    "coordinates": [
     [
      [
       -97.66198861791626,
       30.437419372645035
      ],
      [
       -97.66199623790168,
       30.437413246177556
      ],
      [
       -97.66201755515574,
       30.437432955673646
      ],
      [
       -97.66200993517033,
       30.43743908214113
      ],
      [
       -97.66198861791626,
       30.437419372645035
      ]
     ]
    ]
   }
  },
  {
   "type": "Feature",
   "properties": {
    "id": "21-A4",
    "lot": 21,
    "space": "A4",
    "status": "buried",
    "color": "red"
   },
   "geometry": {
    "type": "Polygon",
    "coordinates": [
     [
      [
       -97.66199623790168,
       30.437413246177556
      ],
      [
       -97.66200385788709,
       30.437407119710073
      ],
      [
       -97.66202517514115,
       30.437426829206164
      ],
      [
       -97.66201755515574,
       30.437432955673646
      ],
      [
       -97.66199623790168,
       30.437413246177556
      ]
     ]
    ]
   }
  },
  {
   "type": "Feature",
   "properties": {
    "id": "21-B1",
    "lot": 21,
    "space": "B1",
    "status": "buried",
    "color": "red"
   },
   "geometry": {
    "type": "Polygon",
    "coordinates": [
     [
      [
       -97.66200385788709,
       30.437407119710073
      ],
      [
       -97.6620114778725,
       30.43740099324259
      ],
      [
       -97.66203279512656,
       30.43742070273868
      ],
      [
       -97.66202517514115,
       30.437426829206164
      ],
      [
       -97.66200385788709,
       30.437407119710073
      ]
     ]
    ]
   }
  },
  {
   "type": "Feature",
   "properties": {
    "id": "21-B2",
    "lot": 21,
    "space": "B2",
    "status": "unowned",
    "color": "white"
   },
   "geometry": {
    "type": "Polygon",
    "coordinates": [
     [
      [
       -97.6620114778725,
       30.43740099324259
      ],
      [
       -97.66201909785792,
       30.437394866775108
      ],
      [
       -97.66204041511197,
       30.437414576271202
      ],
      [
       -97.66203279512656,
       30.43742070273868
      ],
      [
       -97.6620114778725,
       30.43740099324259
      ]
     ]
    ]
   }
  },
  {
   "type": "Feature",
   "properties": {
    "id": "21-B3",
    "lot": 21,
    "space": "B3",
    "status": "unowned",
    "color": "white"
   },
   "geometry": {
    "type": "Polygon",
    "coordinates": [
     [
      [
       -97.66201909785792,
       30.437394866775108
      ],
      [
       -97.66202671784333,
       30.43738874030763
      ],
      [
       -97.66204803509738,
       30.43740844980372
      ],
      [
       -97.66204041511197,
       30.437414576271202
      ],
      [
       -97.66201909785792,
       30.437394866775108
      ]
     ]
    ]
   }
  },
  {
   "type": "Feature",
   "properties": {
    "id": "21-B4",
    "lot": 21,
    "space": "B4",
    "status": "unowned",
    "color": "white"
   },
   "geometry": {
    "type": "Polygon",
    "coordinates": [
     [
      [
       -97.66202671784333,
       30.43738874030763
      ],
      [
       -97.66203433782874,
       30.437382613840146
      ],
      [
       -97.66205565508281,
       30.437402323336237
      ],
      [
       -97.66204803509738,
       30.43740844980372
      ],
      [
       -97.66202671784333,
       30.43738874030763
      ]
     ]
    ]
   }
  },
  {
   "type": "Feature",
   "properties": {
    "id": "21-C1",
    "lot": 21,
    "space": "C1",
    "status": "unowned",
    "color": "white"
   },
   "geometry": {
    "type": "Polygon",
    "coordinates": [
     [
      [
       -97.6619946951995,
       30.43745133507609
      ],
      [
       -97.6620023151849,
       30.437445208608608
      ],
      [
       -97.66202363243897,
       30.437464918104702
      ],
      [
       -97.66201601245356,
       30.43747104457218
      ],
      [
       -97.6619946951995,
       30.43745133507609
      ]
     ]
    ]
   }
  },
  {
   "type": "Feature",
   "properties": {
    "id": "21-C2",
    "lot": 21,
    "space": "C2",
    "status": "unowned",
    "color": "white"
   },
   "geometry": {
    "type": "Polygon",
    "coordinates": [
     [
      [
       -97.6620023151849,
       30.437445208608608
      ],
      [
       -97.66200993517033,
       30.43743908214113
      ],
      [
       -97.66203125242438,
       30.43745879163722
      ],
      [
       -97.66202363243897,
       30.437464918104702
      ],
      [
       -97.6620023151849,
       30.437445208608608
      ]
     ]
    ]
   }
  },
  {
   "type": "Feature",
   "properties": {
    "id": "21-C3",
    "lot": 21,
    "space": "C3",
    "status": "buried",
    "color": "red"
   },
   "geometry": {
    "type": "Polygon",
    "coordinates": [
     [
      [
       -97.66200993517033,
       30.43743908214113
      ],
      [
       -97.66201755515574,
       30.437432955673646
      ],
      [
       -97.6620388724098,
       30.437452665169737
      ],
      [
       -97.66203125242438,
       30.43745879163722
      ],
      [
       -97.66200993517033,
       30.43743908214113
      ]
     ]
    ]
   }
  },
  {
   "type": "Feature",
   "properties": {
    "id": "21-C4",
    "lot": 21,
    "space": "C4",
    "status": "unowned",
    "color": "white"
   },
   "geometry": {
    "type": "Polygon",
    "coordinates": [
     [
      [
       -97.66201755515574,
       30.437432955673646
      ],
      [
       -97.66202517514115,
       30.437426829206164
      ],
      [
       -97.6620464923952,
       30.437446538702254
      ],
      [
       -97.6620388724098,
       30.437452665169737
      ],
      [
       -97.66201755515574,
       30.437432955673646
      ]
     ]
    ]
   }
  },
  {
   "type": "Feature",
   "properties": {
    "id": "21-D1",
    "lot": 21,
    "space": "D1",
    "status": "unowned",
    "color": "white"
   },
   "geometry": {
    "type": "Polygon",
    "coordinates": [
     [
      [
       -97.66202517514115,
       30.437426829206164
      ],
      [
       -97.66203279512656,
       30.43742070273868
      ],
      [
       -97.66205411238063,
       30.437440412234775
      ],
      [
       -97.6620464923952,
       30.437446538702254
      ],
      [
       -97.66202517514115,
       30.437426829206164
      ]
     ]
    ]
   }
  },
  {
   "type": "Feature",
   "properties": {
    "id": "21-D2",
    "lot": 21,
    "space": "D2",
    "status": "unowned",
    "color": "white"
   },
   "geometry": {
    "type": "Polygon",
    "coordinates": [
     [
      [
       -97.66203279512656,
       30.43742070273868
      ],
      [
       -97.66204041511197,
       30.437414576271202
      ],
      [
       -97.66206173236604,
       30.437434285767292
      ],
      [
       -97.66205411238063,
       30.437440412234775
      ],
      [
       -97.66203279512656,
       30.43742070273868
      ]
     ]
    ]
   }
  },
  {
   "type": "Feature",
   "properties": {
    "id": "21-D3",
    "lot": 21,
    "space": "D3",
    "status": "buried",
    "color": "red"
   },
   "geometry": {
    "type": "Polygon",
    "coordinates": [
     [
      [
       -97.66204041511197,
       30.437414576271202
      ],
      [
       -97.66204803509738,
       30.43740844980372
      ],
      [
       -97.66206935235145,
       30.43742815929981
      ],
      [
       -97.66206173236604,
       30.437434285767292
      ],
      [
       -97.66204041511197,
       30.437414576271202
      ]
     ]
    ]
   }
  },
  {
   "type": "Feature",
   "properties": {
    "id": "21-D4",
    "lot": 21,
    "space": "D4",
    "status": "occupied",
    "color": "darkblue",
    "person": {
     "name": "LALPOUSH, Saeed",
     "burial": "2008-07-04"
    }
   },
   "geometry": {
    "type": "Polygon",
    "coordinates": [
     [
      [
       -97.66204803509738,
       30.43740844980372
      ],
      [
       -97.66205565508281,
       30.437402323336237
      ],
      [
       -97.66207697233686,
       30.437422032832327
      ],
      [
       -97.66206935235145,
       30.43742815929981
      ],
      [
       -97.66204803509738,
       30.43740844980372
      ]
     ]
    ]
   }
  },
  {
   "type": "Feature",
   "properties": {
    "id": "22-A1",
    "lot": 22,
    "space": "A1",
    "status": "unowned",
    "color": "white"
   },
   "geometry": {
    "type": "Polygon",
    "coordinates": [
     [
      [
       -97.66226027773929,
       30.437274977285544
      ],
      [
       -97.66226789772472,
       30.437268850818064
      ],
      [
       -97.66228921497877,
       30.437288560314155
      ],
      [
       -97.66228159499336,
       30.437294686781637
      ],
      [
       -97.66226027773929,
       30.437274977285544
      ]
     ]
    ]
   }
  },
  {
   "type": "Feature",
   "properties": {
    "id": "22-A2",
    "lot": 22,
    "space": "A2",
    "status": "unowned",
    "color": "white"
   },
   "geometry": {
    "type": "Polygon",
    "coordinates": [
     [
      [
       -97.66226789772472,
       30.437268850818064
      ],
      [
       -97.66227551771013,
       30.437262724350582
      ],
      [
       -97.66229683496418,
       30.437282433846672
      ],
      [
       -97.66228921497877,
       30.437288560314155
      ],
      [
       -97.66226789772472,
       30.437268850818064
      ]
     ]
    ]
   }
  },
  {
   "type": "Feature",
   "properties": {
    "id": "22-A3",
    "lot": 22,
    "space": "A3",
    "status": "buried",
    "color": "red"
   },
   "geometry": {
    "type": "Polygon",
    "coordinates": [
     [
      [
       -97.66227551771013,
       30.437262724350582
      ],
      [
       -97.66228313769554,
       30.4372565978831
      ],
      [
       -97.66230445494959,
       30.43727630737919
      ],
      [
       -97.66229683496418,
       30.437282433846672
      ],
      [
       -97.66227551771013,
       30.437262724350582
      ]
     ]
    ]
   }
  },
  {
   "type": "Feature",
   "properties": {
    "id": "22-A4",
    "lot": 22,
    "space": "A4",
    "status": "unowned",
    "color": "white"
   },
   "geometry": {
    "type": "Polygon",
    "coordinates": [
     [
      [
       -97.66228313769554,
       30.4372565978831
      ],
      [
       -97.66229075768095,
       30.437250471415616
      ],
      [
       -97.66231207493502,
       30.43727018091171
      ],
      [
       -97.66230445494959,
       30.43727630737919
      ],
      [
       -97.66228313769554,
       30.4372565978831
      ]
     ]
    ]
   }
  },
  {
   "type": "Feature",
   "properties": {
    "id": "22-B1",
    "lot": 22,
    "space": "B1",
    "status": "unowned",
    "color": "white"
   },
   "geometry": {
    "type": "Polygon",
    "coordinates": [
     [
      [
       -97.66229075768095,
       30.437250471415616
      ],
      [
       -97.66229837766636,
       30.437244344948137
      ],
      [
       -97.66231969492043,
       30.437264054444228
      ],
      [
       -97.66231207493502,
       30.43727018091171
      ],
      [
       -97.66229075768095,
       30.437250471415616
      ]
     ]
    ]
   }
  },
  {
   "type": "Feature",
   "properties": {
    "id": "22-B2",
    "lot": 22,
    "space": "B2",
    "status": "buried",
    "color": "red"
   },
   "geometry": {
    "type": "Polygon",
    "coordinates": [
     [
      [
       -97.66229837766636,
       30.437244344948137
      ],
      [
       -97.66230599765177,
       30.437238218480655
      ],
      [
       -97.66232731490584,
       30.437257927976745
      ],
      [
       -97.66231969492043,
       30.437264054444228
      ],
      [
       -97.66229837766636,
       30.437244344948137
      ]
     ]
    ]
   }
  },
  {
   "type": "Feature",
   "properties": {
    "id": "22-B3",
    "lot": 22,
    "space": "B3",
    "status": "buried",
    "color": "red"
   },
   "geometry": {
    "type": "Polygon",
    "coordinates": [
     [
      [
       -97.66230599765177,
       30.437238218480655
      ],
      [
       -97.66231361763718,
       30.437232092013172
      ],
      [
       -97.66233493489125,
       30.437251801509262
      ],
      [
       -97.66232731490584,
       30.437257927976745
      ],
      [
       -97.66230599765177,
       30.437238218480655
      ]
     ]
    ]
   }
  },
  {
   "type": "Feature",
   "properties": {
    "id": "22-B4",
    "lot": 22,
    "space": "B4",
    "status": "buried",
    "color": "red"
   },
   "geometry": {
    "type": "Polygon",
    "coordinates": [
     [
      [
       -97.66231361763718,
       30.437232092013172
      ],
      [
       -97.6623212376226,
       30.43722596554569
      ],
      [
       -97.66234255487666,
       30.437245675041783
      ],
      [
       -97.66233493489125,
       30.437251801509262
      ],
      [
       -97.66231361763718,
       30.437232092013172
      ]
     ]
    ]
   }
  },
  {
   "type": "Feature",
   "properties": {
    "id": "22-C1",
    "lot": 22,
    "space": "C1",
    "status": "unowned",
    "color": "white"
   },
   "geometry": {
    "type": "Polygon",
    "coordinates": [
     [
      [
       -97.66228159499336,
       30.437294686781637
      ],
      [
       -97.66228921497877,
       30.437288560314155
      ],
      [
       -97.66231053223284,
       30.437308269810245
      ],
      [
       -97.66230291224743,
       30.437314396277728
      ],
      [
       -97.66228159499336,
       30.437294686781637
      ]
     ]
    ]
   }
  },
  {
   "type": "Feature",
   "properties": {
    "id": "22-C2",
    "lot": 22,
    "space": "C2",
    "status": "unowned",
    "color": "white"
   },
   "geometry": {
    "type": "Polygon",
    "coordinates": [
     [
      [
       -97.66228921497877,
       30.437288560314155
      ],
      [
       -97.66229683496418,
       30.437282433846672
      ],
      [
       -97.66231815221825,
       30.437302143342762
      ],
      [
       -97.66231053223284,
       30.437308269810245
      ],
      [
       -97.66228921497877,
       30.437288560314155
      ]
     ]
    ]
   }
  },
  {
   "type": "Feature",
   "properties": {
    "id": "22-C3",
    "lot": 22,
    "space": "C3",
    "status": "unowned",
    "color": "white"
   },
   "geometry": {
    "type": "Polygon",
    "coordinates": [
     [
      [
       -97.66229683496418,
       30.437282433846672
      ],
      [
       -97.66230445494959,
       30.43727630737919
      ],
      [
       -97.66232577220366,
       30.437296016875283
      ],
      [
       -97.66231815221825,
       30.437302143342762
      ],
      [
       -97.66229683496418,
       30.437282433846672
      ]
     ]
    ]
   }
  },
  {
   "type": "Feature",
   "properties": {
    "id": "22-C4",
    "lot": 22,
    "space": "C4",
    "status": "unowned",
    "color": "white"
   },
   "geometry": {
    "type": "Polygon",
    "coordinates": [
     [
      [
       -97.66230445494959,
       30.43727630737919
      ],
      [
       -97.66231207493502,
       30.43727018091171
      ],
      [
       -97.66233339218907,
       30.4372898904078
      ],
      [
       -97.66232577220366,
       30.437296016875283
      ],
      [
       -97.66230445494959,
       30.43727630737919
      ]
     ]
    ]
   }
  },
  {
   "type": "Feature",
   "properties": {
    "id": "22-D1",
    "lot": 22,
    "space": "D1",
    "status": "unowned",
    "color": "white"
   },
   "geometry": {
    "type": "Polygon",
    "coordinates": [
     [
      [
       -97.66231207493502,
       30.43727018091171
      ],
      [
       -97.66231969492043,
       30.437264054444228
      ],
      [
       -97.66234101217448,
       30.437283763940318
      ],
      [
       -97.66233339218907,
       30.4372898904078
      ],
      [
       -97.66231207493502,
       30.43727018091171
      ]
     ]
    ]
   }
  },
  {
   "type": "Feature",
   "properties": {
    "id": "22-D2",
    "lot": 22,
    "space": "D2",
    "status": "unowned",
    "color": "white"
   },
   "geometry": {
    "type": "Polygon",
    "coordinates": [
     [
      [
       -97.66231969492043,
       30.437264054444228
      ],
      [
       -97.66232731490584,
       30.437257927976745
      ],
      [
       -97.66234863215989,
       30.437277637472835
      ],
      [
       -97.66234101217448,
       30.437283763940318
      ],
      [
       -97.66231969492043,
       30.437264054444228
      ]
     ]
    ]
   }
  },
  {
   "type": "Feature",
   "properties": {
    "id": "22-D3",
    "lot": 22,
    "space": "D3",
    "status": "unowned",
    "color": "white"
   },
   "geometry": {
    "type": "Polygon",
    "coordinates": [
     [
      [
       -97.66232731490584,
       30.437257927976745
      ],
      [
       -97.66233493489125,
       30.437251801509262
      ],
      [
       -97.66235625214532,
       30.437271511005356
      ],
      [
       -97.66234863215989,
       30.437277637472835
      ],
      [
       -97.66232731490584,
       30.437257927976745
      ]
     ]
    ]
   }
  },
  {
   "type": "Feature",
   "properties": {
    "id": "22-D4",
    "lot": 22,
    "space": "D4",
    "status": "unowned",
    "color": "white"
   },
   "geometry": {
    "type": "Polygon",
    "coordinates": [
     [
      [
       -97.66233493489125,
       30.437251801509262
      ],
      [
       -97.66234255487666,
       30.437245675041783
      ],
      [
       -97.66236387213073,
       30.437265384537874
      ],
      [
       -97.66235625214532,
       30.437271511005356
      ],
      [
       -97.66233493489125,
       30.437251801509262
      ]
     ]
    ]
   }
  },
  {
   "type": "Feature",
   "properties": {
    "id": "23-A1",
    "lot": 23,
    "space": "A1",
    "status": "unowned",
    "color": "white"
   },
   "geometry": {
    "type": "Polygon",
    "coordinates": [
     [
      [
       -97.66219909678159,
       30.43732391634204
      ],
      [
       -97.66220671676702,
       30.43731778987456
      ],
      [
       -97.66222803402107,
       30.43733749937065
      ],
      [
       -97.66222041403566,
       30.437343625838132
      ],
      [
       -97.66219909678159,
       30.43732391634204
      ]
     ]
    ]
   }
  },
  {
   "type": "Feature",
   "properties": {
    "id": "23-A2",
    "lot": 23,
    "space": "A2",
    "status": "buried",
    "color": "red"
   },
   "geometry": {
    "type": "Polygon",
    "coordinates": [
     [
      [
       -97.66220671676702,
       30.43731778987456
      ],
      [
       -97.66221433675243,
       30.43731166340708
      ],
      [
       -97.66223565400648,
       30.43733137290317
      ],
      [
       -97.66222803402107,
       30.43733749937065
      ],
      [
       -97.66220671676702,
       30.43731778987456
      ]
     ]
    ]
   }
  },
  {
   "type": "Feature",
   "properties": {
    "id": "23-A3",
    "lot": 23,
    "space": "A3",
    "status": "occupied",
    "color": "darkblue",
    "person": {
     "name": "JABER, Majid",
     "burial": "2012-03-08"
    }
   },
   "geometry": {
    "type": "Polygon",
    "coordinates": [
     [
      [
       -97.66221433675243,
       30.43731166340708
      ],
      [
       -97.66222195673784,
       30.437305536939597
      ],
      [
       -97.6622432739919,
       30.437325246435687
      ],
      [
       -97.66223565400648,
       30.43733137290317
      ],
      [
       -97.66221433675243,
       30.43731166340708
      ]
     ]
    ]
   }
  },
  {
   "type": "Feature",
   "properties": {
    "id": "23-A4",
    "lot": 23,
    "space": "A4",
    "status": "buried",
    "color": "red"
   },
   "geometry": {
    "type": "Polygon",
    "coordinates": [
     [
      [
       -97.66222195673784,
       30.437305536939597
      ],
      [
       -97.66222957672325,
       30.437299410472114
      ],
      [
       -97.66225089397732,
       30.437319119968205
      ],
      [
       -97.6622432739919,
       30.437325246435687
      ],
      [
       -97.66222195673784,
       30.437305536939597
      ]
     ]
    ]
   }
  },
  {
   "type": "Feature",
   "properties": {
    "id": "23-B1",
    "lot": 23,
    "space": "B1",
    "status": "buried",
    "color": "red"
   },
   "geometry": {
    "type": "Polygon",
    "coordinates": [
     [
      [
       -97.66222957672325,
       30.437299410472114
      ],
      [
       -97.66223719670866,
       30.43729328400463
      ],
      [
       -97.66225851396273,
       30.437312993500726
      ],
      [
       -97.66225089397732,
       30.437319119968205
      ],
      [
       -97.66222957672325,
       30.437299410472114
      ]
     ]
    ]
   }
  },
  {
   "type": "Feature",
   "properties": {
    "id": "24-A1",
    "lot": 24,
    "space": "A1",
    "status": "occupied",
    "color": "darkblue",
    "person": {
     "name": "KAZMI, Saeed",
     "burial": "2025-01-04"
    }
   },
   "geometry": {
    "type": "Polygon",
    "coordinates": [
     [
      [
       -97.66213786247046,
       30.437372862519393
      ],
      [
       -97.66214548245587,
       30.437366736051914
      ],
      [
       -97.66216679970992,
       30.437386445548004
      ],
      [
       -97.66215917972451,
       30.437392572015487
      ],
      [
       -97.66213786247046,
       30.437372862519393
      ]
     ]
    ]
   }
  },
  {
   "type": "Feature",
   "properties": {
    "id": "24-A2",
    "lot": 24,
    "space": "A2",
    "status": "vacant",
    "color": "lightblue",
    "owner": "KAZMI, Saeed"
   },
   "geometry": {
    "type": "Polygon",
    "coordinates": [
     [
      [
       -97.66214548245587,
       30.437366736051914
      ],
      [
       -97.66215310244128,
       30.43736060958443
      ],
      [
       -97.66217441969535,
       30.43738031908052
      ],
      [
       -97.66216679970992,
       30.437386445548004
      ],
      [
       -97.66214548245587,
       30.437366736051914
      ]
     ]
    ]
   }
  },
  {
   "type": "Feature",
   "properties": {
    "id": "24-A3",
    "lot": 24,
    "space": "A3",
    "status": "occupied",
    "color": "darkblue",
    "person": {
     "name": "RAZA, Amna",
     "burial": "2009-05-05"
    }
   },
   "geometry": {
    "type": "Polygon",
    "coordinates": [
     [
      [
       -97.66215310244128,
       30.43736060958443
      ],
      [
       -97.66216072242669,
       30.43735448311695
      ],
      [
       -97.66218203968076,
       30.43737419261304
      ],
      [
       -97.66217441969535,
       30.43738031908052
      ],
      [
       -97.66215310244128,
       30.43736060958443
      ]
     ]
    ]
   }
  },
  {
   "type": "Feature",
   "properties": {
    "id": "24-A4",
    "lot": 24,
    "space": "A4",
    "status": "buried",
    "color": "red"
   },
   "geometry": {
    "type": "Polygon",
    "coordinates": [
     [
      [
       -97.66216072242669,
       30.43735448311695
      ],
      [
       -97.6621683424121,
       30.43734835664947
      ],
      [
       -97.66218965966617,
       30.43736806614556
      ],
      [
       -97.66218203968076,
       30.43737419261304
      ],
      [
       -97.66216072242669,
       30.43735448311695
      ]
     ]
    ]
   }
  },
  {
   "type": "Feature",
   "properties": {
    "id": "24-B1",
    "lot": 24,
    "space": "B1",
    "status": "buried",
    "color": "red"
   },
   "geometry": {
    "type": "Polygon",
    "coordinates": [
     [
      [
       -97.6621683424121,
       30.43734835664947
      ],
      [
       -97.66217596239753,
       30.437342230181986
      ],
      [
       -97.66219727965158,
       30.437361939678077
      ],
      [
       -97.66218965966617,
       30.43736806614556
      ],
      [
       -97.6621683424121,
       30.43734835664947
      ]
     ]
    ]
   }
  },
  {
   "type": "Feature",
   "properties": {
    "id": "24-B2",
    "lot": 24,
    "space": "B2",
    "status": "buried",
    "color": "red"
   },
   "geometry": {
    "type": "Polygon",
    "coordinates": [
     [
      [
       -97.66217596239753,
       30.437342230181986
      ],
      [
       -97.66218358238294,
       30.437336103714504
      ],
      [
       -97.66220489963699,
       30.437355813210594
      ],
      [
       -97.66219727965158,
       30.437361939678077
      ],
      [
       -97.66217596239753,
       30.437342230181986
      ]
     ]
    ]
   }
  },
  {
   "type": "Feature",
   "properties": {
    "id": "24-B3",
    "lot": 24,
    "space": "B3",
    "status": "unowned",
    "color": "white"
   },
   "geometry": {
    "type": "Polygon",
    "coordinates": [
     [
      [
       -97.66218358238294,
       30.437336103714504
      ],
      [
       -97.66219120236835,
       30.43732997724702
      ],
      [
       -97.6622125196224,
       30.437349686743115
      ],
      [
       -97.66220489963699,
       30.437355813210594
      ],
      [
       -97.66218358238294,
       30.437336103714504
      ]
     ]
    ]
   }
  },
  {
   "type": "Feature",
   "properties": {
    "id": "24-B4",
    "lot": 24,
    "space": "B4",
    "status": "unowned",
    "color": "white"
   },
   "geometry": {
    "type": "Polygon",
    "coordinates": [
     [
      [
       -97.66219120236835,
       30.43732997724702
      ],
      [
       -97.66219882235376,
       30.437323850779542
      ],
      [
       -97.66222013960783,
       30.437343560275632
      ],
      [
       -97.6622125196224,
       30.437349686743115
      ],
      [
       -97.66219120236835,
       30.43732997724702
      ]
     ]
    ]
   }
  },
  {
   "type": "Feature",
   "properties": {
    "id": "24-C1",
    "lot": 24,
    "space": "C1",
    "status": "vacant",
    "color": "lightblue",
    "owner": "HASSAN, Syed Mujahid"
   },
   "geometry": {
    "type": "Polygon",
    "coordinates": [
     [
      [
       -97.66215917972451,
       30.437392572015487
      ],
      [
       -97.66216679970992,
       30.437386445548004
      ],
      [
       -97.66218811696399,
       30.437406155044094
      ],
      [
       -97.66218049697858,
       30.437412281511577
      ],
      [
       -97.66215917972451,
       30.437392572015487
      ]
     ]
    ]
   }
  },
  {
   "type": "Feature",
   "properties": {
    "id": "24-C2",
    "lot": 24,
    "space": "C2",
    "status": "vacant",
    "color": "lightblue",
    "owner": "HASSAN, Syed Mujahid"
   },
   "geometry": {
    "type": "Polygon",
    "coordinates": [
     [
      [
       -97.66216679970992,
       30.437386445548004
      ],
      [
       -97.66217441969535,
       30.43738031908052
      ],
      [
       -97.6621957369494,
       30.43740002857661
      ],
      [
       -97.66218811696399,
       30.437406155044094
      ],
      [
       -97.66216679970992,
       30.437386445548004
      ]
     ]
    ]
   }
  },
  {
   "type": "Feature",
   "properties": {
    "id": "24-C3",
    "lot": 24,
    "space": "C3",
    "status": "vacant",
    "color": "lightblue",
    "owner": "RIZVI, Alley Raza"
   },
   "geometry": {
    "type": "Polygon",
    "coordinates": [
     [
      [
       -97.66217441969535,
       30.43738031908052
      ],
      [
       -97.66218203968076,
       30.43737419261304
      ],
      [
       -97.66220335693481,
       30.437393902109132
      ],
      [
       -97.6621957369494,
       30.43740002857661
      ],
      [
       -97.66217441969535,
       30.43738031908052
      ]
     ]
    ]
   }
  },
  {
   "type": "Feature",
   "properties": {
    "id": "24-C4",
    "lot": 24,
    "space": "C4",
    "status": "vacant",
    "color": "lightblue",
    "owner": "BARATI, Abbas"
   },
   "geometry": {
    "type": "Polygon",
    "coordinates": [
     [
      [
       -97.66218203968076,
       30.43737419261304
      ],
      [
       -97.66218965966617,
       30.43736806614556
      ],
      [
       -97.66221097692024,
       30.43738777564165
      ],
      [
       -97.66220335693481,
       30.437393902109132
      ],
      [
       -97.66218203968076,
       30.43737419261304
      ]
     ]
    ]
   }
  },
  {
   "type": "Feature",
   "properties": {
    "id": "24-D1",
    "lot": 24,
    "space": "D1",
    "status": "vacant",
    "color": "lightblue",
    "owner": "YASSINE, Abdullah"
   },
   "geometry": {
    "type": "Polygon",
    "coordinates": [
     [
      [
       -97.66218965966617,
       30.43736806614556
      ],
      [
       -97.66219727965158,
       30.437361939678077
      ],
      [
       -97.66221859690565,
       30.437381649174167
      ],
      [
       -97.66221097692024,
       30.43738777564165
      ],
      [
       -97.66218965966617,
       30.43736806614556
      ]
     ]
    ]
   }
  },
  {
   "type": "Feature",
   "properties": {
    "id": "24-D2",
    "lot": 24,
    "space": "D2",
    "status": "vacant",
    "color": "lightblue",
    "owner": "YASSINE, Abdullah"
   },
   "geometry": {
    "type": "Polygon",
    "coordinates": [
     [
      [
       -97.66219727965158,
       30.437361939678077
      ],
      [
       -97.66220489963699,
       30.437355813210594
      ],
      [
       -97.66222621689106,
       30.437375522706684
      ],
      [
       -97.66221859690565,
       30.437381649174167
      ],
      [
       -97.66219727965158,
       30.437361939678077
      ]
     ]
    ]
   }
  },
  {
   "type": "Feature",
   "properties": {
    "id": "24-D3",
    "lot": 24,
    "space": "D3",
    "status": "vacant",
    "color": "lightblue",
    "owner": "AWADAH, Faisal"
   },
   "geometry": {
    "type": "Polygon",
    "coordinates": [
     [
      [
       -97.66220489963699,
       30.437355813210594
      ],
      [
       -97.6622125196224,
       30.437349686743115
      ],
      [
       -97.66223383687647,
       30.437369396239205
      ],
      [
       -97.66222621689106,
       30.437375522706684
      ],
      [
       -97.66220489963699,
       30.437355813210594
      ]
     ]
    ]
   }
  },
  {
   "type": "Feature",
   "properties": {
    "id": "24-D4",
    "lot": 24,
    "space": "D4",
    "status": "vacant",
    "color": "lightblue",
    "owner": "AWADAH, Faisal"
   },
   "geometry": {
    "type": "Polygon",
    "coordinates": [
     [
      [
       -97.6622125196224,
       30.437349686743115
      ],
      [
       -97.66222013960783,
       30.437343560275632
      ],
      [
       -97.66224145686188,
       30.437363269771723
      ],
      [
       -97.66223383687647,
       30.437369396239205
      ],
      [
       -97.6622125196224,
       30.437349686743115
      ]
     ]
    ]
   }
  },
  {
   "type": "Feature",
   "properties": {
    "id": "25-A4",
    "lot": 25,
    "space": "A4",
    "status": "unowned",
    "color": "white"
   },
   "geometry": {
    "type": "Polygon",
    "coordinates": [
     [
      [
       -97.66210008172449,
       30.437403846415453
      ],
      [
       -97.6621077017099,
       30.437397719947974
      ],
      [
       -97.66212901896395,
       30.437417429444064
      ],
      [
       -97.66212139897854,
       30.437423555911547
      ],
      [
       -97.66210008172449,
       30.437403846415453
      ]
     ]
    ]
   }
  },
  {
   "type": "Feature",
   "properties": {
    "id": "25-B1",
    "lot": 25,
    "space": "B1",
    "status": "unowned",
    "color": "white"
   },
   "geometry": {
    "type": "Polygon",
    "coordinates": [
     [
      [
       -97.6621077017099,
       30.437397719947974
      ],
      [
       -97.66211532169531,
       30.43739159348049
      ],
      [
       -97.66213663894938,
       30.43741130297658
      ],
      [
       -97.66212901896395,
       30.437417429444064
      ],
      [
       -97.6621077017099,
       30.437397719947974
      ]
     ]
    ]
   }
  },
  {
   "type": "Feature",
   "properties": {
    "id": "25-B2",
    "lot": 25,
    "space": "B2",
    "status": "unowned",
    "color": "white"
   },
   "geometry": {
    "type": "Polygon",
    "coordinates": [
     [
      [
       -97.66211532169531,
       30.43739159348049
      ],
      [
       -97.66212294168072,
       30.43738546701301
      ],
      [
       -97.66214425893479,
       30.4374051765091
      ],
      [
       -97.66213663894938,
       30.43741130297658
      ],
      [
       -97.66211532169531,
       30.43739159348049
      ]
     ]
    ]
   }
  },
  {
   "type": "Feature",
   "properties": {
    "id": "25-B3",
    "lot": 25,
    "space": "B3",
    "status": "unowned",
    "color": "white"
   },
   "geometry": {
    "type": "Polygon",
    "coordinates": [
     [
      [
       -97.66212294168072,
       30.43738546701301
      ],
      [
       -97.66213056166613,
       30.43737934054553
      ],
      [
       -97.6621518789202,
       30.43739905004162
      ],
      [
       -97.66214425893479,
       30.4374051765091
      ],
      [
       -97.66212294168072,
       30.43738546701301
      ]
     ]
    ]
   }
  },
  {
   "type": "Feature",
   "properties": {
    "id": "25-B4",
    "lot": 25,
    "space": "B4",
    "status": "unowned",
    "color": "white"
   },
   "geometry": {
    "type": "Polygon",
    "coordinates": [
     [
      [
       -97.66213056166613,
       30.43737934054553
      ],
      [
       -97.66213818165154,
       30.437373214078047
      ],
      [
       -97.66215949890561,
       30.437392923574137
      ],
      [
       -97.6621518789202,
       30.43739905004162
      ],
      [
       -97.66213056166613,
       30.43737934054553
      ]
     ]
    ]
   }
  },
  {
   "type": "Feature",
   "properties": {
    "id": "25-C1",
    "lot": 25,
    "space": "C1",
    "status": "vacant",
    "color": "lightblue",
    "owner": "ABBAS, Mohamed"
   },
   "geometry": {
    "type": "Polygon",
    "coordinates": [
     [
      [
       -97.66209853902231,
       30.43744193531399
      ],
      [
       -97.66210615900772,
       30.43743580884651
      ],
      [
       -97.66212747626179,
       30.4374555183426
      ],
      [
       -97.66211985627636,
       30.43746164481008
      ],
      [
       -97.66209853902231,
       30.43744193531399
      ]
     ]
    ]
   }
  },
  {
   "type": "Feature",
   "properties": {
    "id": "25-C2",
    "lot": 25,
    "space": "C2",
    "status": "vacant",
    "color": "lightblue",
    "owner": "ABBAS, Mohamed"
   },
   "geometry": {
    "type": "Polygon",
    "coordinates": [
     [
      [
       -97.66210615900772,
       30.43743580884651
      ],
      [
       -97.66211377899313,
       30.437429682379026
      ],
      [
       -97.6621350962472,
       30.43744939187512
      ],
      [
       -97.66212747626179,
       30.4374555183426
      ],
      [
       -97.66210615900772,
       30.43743580884651
      ]
     ]
    ]
   }
  },
  {
   "type": "Feature",
   "properties": {
    "id": "25-C3",
    "lot": 25,
    "space": "C3",
    "status": "vacant",
    "color": "lightblue",
    "owner": "HAIDER, Mumnoon"
   },
   "geometry": {
    "type": "Polygon",
    "coordinates": [
     [
      [
       -97.66211377899313,
       30.437429682379026
      ],
      [
       -97.66212139897854,
       30.437423555911547
      ],
      [
       -97.66214271623261,
       30.437443265407637
      ],
      [
       -97.6621350962472,
       30.43744939187512
      ],
      [
       -97.66211377899313,
       30.437429682379026
      ]
     ]
    ]
   }
  },
  {
   "type": "Feature",
   "properties": {
    "id": "25-C4",
    "lot": 25,
    "space": "C4",
    "status": "vacant",
    "color": "lightblue",
    "owner": "HAIDER, Mumnoon"
   },
   "geometry": {
    "type": "Polygon",
    "coordinates": [
     [
      [
       -97.66212139897854,
       30.437423555911547
      ],
      [
       -97.66212901896395,
       30.437417429444064
      ],
      [
       -97.66215033621802,
       30.437437138940155
      ],
      [
       -97.66214271623261,
       30.437443265407637
      ],
      [
       -97.66212139897854,
       30.437423555911547
      ]
     ]
    ]
   }
  },
  {
   "type": "Feature",
   "properties": {
    "id": "25-D1",
    "lot": 25,
    "space": "D1",
    "status": "vacant",
    "color": "lightblue",
    "owner": "SHERIFF, Aliraza"
   },
   "geometry": {
    "type": "Polygon",
    "coordinates": [
     [
      [
       -97.66212901896395,
       30.437417429444064
      ],
      [
       -97.66213663894938,
       30.43741130297658
      ],
      [
       -97.66215795620343,
       30.437431012472672
      ],
      [
       -97.66215033621802,
       30.437437138940155
      ],
      [
       -97.66212901896395,
       30.437417429444064
      ]
     ]
    ]
   }
  },
  {
   "type": "Feature",
   "properties": {
    "id": "25-D2",
    "lot": 25,
    "space": "D2",
    "status": "vacant",
    "color": "lightblue",
    "owner": "SHERIFF, Aliraza"
   },
   "geometry": {
    "type": "Polygon",
    "coordinates": [
     [
      [
       -97.66213663894938,
       30.43741130297658
      ],
      [
       -97.66214425893479,
       30.4374051765091
      ],
      [
       -97.66216557618884,
       30.437424886005193
      ],
      [
       -97.66215795620343,
       30.437431012472672
      ],
      [
       -97.66213663894938,
       30.43741130297658
      ]
     ]
    ]
   }
  },
  {
   "type": "Feature",
   "properties": {
    "id": "25-D3",
    "lot": 25,
    "space": "D3",
    "status": "vacant",
    "color": "lightblue",
    "owner": "HEMANI, Alireza"
   },
   "geometry": {
    "type": "Polygon",
    "coordinates": [
     [
      [
       -97.66214425893479,
       30.4374051765091
      ],
      [
       -97.6621518789202,
       30.43739905004162
      ],
      [
       -97.66217319617425,
       30.43741875953771
      ],
      [
       -97.66216557618884,
       30.437424886005193
      ],
      [
       -97.66214425893479,
       30.4374051765091
      ]
     ]
    ]
   }
  },
  {
   "type": "Feature",
   "properties": {
    "id": "25-D4",
    "lot": 25,
    "space": "D4",
    "status": "vacant",
    "color": "lightblue",
    "owner": "SHIRAZEE, Farhaneh"
   },
   "geometry": {
    "type": "Polygon",
    "coordinates": [
     [
      [
       -97.6621518789202,
       30.43739905004162
      ],
      [
       -97.66215949890561,
       30.437392923574137
      ],
      [
       -97.66218081615968,
       30.437412633070227
      ],
      [
       -97.66217319617425,
       30.43741875953771
      ],
      [
       -97.6621518789202,
       30.43739905004162
      ]
     ]
    ]
   }
  },
  {
   "type": "Feature",
   "properties": {
    "id": "26-A1",
    "lot": 26,
    "space": "A1",
    "status": "unowned",
    "color": "white"
   },
   "geometry": {
    "type": "Polygon",
    "coordinates": [
     [
      [
       -97.662016293467,
       30.43747124794109
      ],
      [
       -97.66202391345242,
       30.437465121473608
      ],
      [
       -97.66204523070647,
       30.437484830969698
      ],
      [
       -97.66203761072106,
       30.43749095743718
      ],
      [
       -97.662016293467,
       30.43747124794109
      ]
     ]
    ]
   }
  },
  {
   "type": "Feature",
   "properties": {
    "id": "26-A2",
    "lot": 26,
    "space": "A2",
    "status": "unowned",
    "color": "white"
   },
   "geometry": {
    "type": "Polygon",
    "coordinates": [
     [
      [
       -97.66202391345242,
       30.437465121473608
      ],
      [
       -97.66203153343783,
       30.437458995006125
      ],
      [
       -97.6620528506919,
       30.43747870450222
      ],
      [
       -97.66204523070647,
       30.437484830969698
      ],
      [
       -97.66202391345242,
       30.437465121473608
      ]
     ]
    ]
   }
  },
  {
   "type": "Feature",
   "properties": {
    "id": "26-A3",
    "lot": 26,
    "space": "A3",
    "status": "unowned",
    "color": "white"
   },
   "geometry": {
    "type": "Polygon",
    "coordinates": [
     [
      [
       -97.66203153343783,
       30.437458995006125
      ],
      [
       -97.66203915342324,
       30.437452868538646
      ],
      [
       -97.6620604706773,
       30.437472578034736
      ],
      [
       -97.6620528506919,
       30.43747870450222
      ],
      [
       -97.66203153343783,
       30.437458995006125
      ]
     ]
    ]
   }
  },
  {
   "type": "Feature",
   "properties": {
    "id": "26-A4",
    "lot": 26,
    "space": "A4",
    "status": "unowned",
    "color": "white"
   },
   "geometry": {
    "type": "Polygon",
    "coordinates": [
     [
      [
       -97.66203915342324,
       30.437452868538646
      ],
      [
       -97.66204677340865,
       30.437446742071163
      ],
      [
       -97.66206809066271,
       30.437466451567254
      ],
      [
       -97.6620604706773,
       30.437472578034736
      ],
      [
       -97.66203915342324,
       30.437452868538646
      ]
     ]
    ]
   }
  },
  {
   "type": "Feature",
   "properties": {
    "id": "26-B1",
    "lot": 26,
    "space": "B1",
    "status": "unowned",
    "color": "white"
   },
   "geometry": {
    "type": "Polygon",
    "coordinates": [
     [
      [
       -97.66204677340865,
       30.437446742071163
      ],
      [
       -97.66205439339406,
       30.43744061560368
      ],
      [
       -97.66207571064812,
       30.43746032509977
      ],
      [
       -97.66206809066271,
       30.437466451567254
      ],
      [
       -97.66204677340865,
       30.437446742071163
      ]
     ]
    ]
   }
  },
  {
   "type": "Feature",
   "properties": {
    "id": "26-B2",
    "lot": 26,
    "space": "B2",
    "status": "unowned",
    "color": "white"
   },
   "geometry": {
    "type": "Polygon",
    "coordinates": [
     [
      [
       -97.66205439339406,
       30.43744061560368
      ],
      [
       -97.66206201337948,
       30.4374344891362
      ],
      [
       -97.66208333063354,
       30.43745419863229
      ],
      [
       -97.66207571064812,
       30.43746032509977
      ],
      [
       -97.66205439339406,
       30.43744061560368
      ]
     ]
    ]
   }
  },
  {
   "type": "Feature",
   "properties": {
    "id": "26-B3",
    "lot": 26,
    "space": "B3",
    "status": "unowned",
    "color": "white"
   },
   "geometry": {
    "type": "Polygon",
    "coordinates": [
     [
      [
       -97.66206201337948,
       30.4374344891362
      ],
      [
       -97.6620696333649,
       30.43742836266872
      ],
      [
       -97.66209095061895,
       30.43744807216481
      ],
      [
       -97.66208333063354,
       30.43745419863229
      ],
      [
       -97.66206201337948,
       30.4374344891362
      ]
     ]
    ]
   }
  },
  {
   "type": "Feature",
   "properties": {
    "id": "26-B4",
    "lot": 26,
    "space": "B4",
    "status": "unowned",
    "color": "white"
   },
   "geometry": {
    "type": "Polygon",
    "coordinates": [
     [
      [
       -97.6620696333649,
       30.43742836266872
      ],
      [
       -97.6620772533503,
       30.437422236201236
      ],
      [
       -97.66209857060436,
       30.437441945697326
      ],
      [
       -97.66209095061895,
       30.43744807216481
      ],
      [
       -97.6620696333649,
       30.43742836266872
      ]
     ]
    ]
   }
  },
  {
   "type": "Feature",
   "properties": {
    "id": "26-C1",
    "lot": 26,
    "space": "C1",
    "status": "unowned",
    "color": "white"
   },
   "geometry": {
    "type": "Polygon",
    "coordinates": [
     [
      [
       -97.66203761072106,
       30.43749095743718
      ],
      [
       -97.66204523070647,
       30.437484830969698
      ],
      [
       -97.66206654796053,
       30.437504540465792
      ],
      [
       -97.66205892797512,
       30.43751066693327
      ],
      [
       -97.66203761072106,
       30.43749095743718
      ]
     ]
    ]
   }
  },
  {
   "type": "Feature",
   "properties": {
    "id": "26-C2",
    "lot": 26,
    "space": "C2",
    "status": "unowned",
    "color": "white"
   },
   "geometry": {
    "type": "Polygon",
    "coordinates": [
     [
      [
       -97.66204523070647,
       30.437484830969698
      ],
      [
       -97.6620528506919,
       30.43747870450222
      ],
      [
       -97.66207416794595,
       30.43749841399831
      ],
      [
       -97.66206654796053,
       30.437504540465792
      ],
      [
       -97.66204523070647,
       30.437484830969698
      ]
     ]
    ]
   }
  },
  {
   "type": "Feature",
   "properties": {
    "id": "26-C3",
    "lot": 26,
    "space": "C3",
    "status": "unowned",
    "color": "white"
   },
   "geometry": {
    "type": "Polygon",
    "coordinates": [
     [
      [
       -97.6620528506919,
       30.43747870450222
      ],
      [
       -97.6620604706773,
       30.437472578034736
      ],
      [
       -97.66208178793136,
       30.437492287530826
      ],
      [
       -97.66207416794595,
       30.43749841399831
      ],
      [
       -97.6620528506919,
       30.43747870450222
      ]
     ]
    ]
   }
  },
  {
   "type": "Feature",
   "properties": {
    "id": "26-C4",
    "lot": 26,
    "space": "C4",
    "status": "unowned",
    "color": "white"
   },
   "geometry": {
    "type": "Polygon",
    "coordinates": [
     [
      [
       -97.6620604706773,
       30.437472578034736
      ],
      [
       -97.66206809066271,
       30.437466451567254
      ],
      [
       -97.66208940791677,
       30.437486161063344
      ],
      [
       -97.66208178793136,
       30.437492287530826
      ],
      [
       -97.6620604706773,
       30.437472578034736
      ]
     ]
    ]
   }
  },
  {
   "type": "Feature",
   "properties": {
    "id": "26-D1",
    "lot": 26,
    "space": "D1",
    "status": "buried",
    "color": "red"
   },
   "geometry": {
    "type": "Polygon",
    "coordinates": [
     [
      [
       -97.66206809066271,
       30.437466451567254
      ],
      [
       -97.66207571064812,
       30.43746032509977
      ],
      [
       -97.66209702790219,
       30.437480034595865
      ],
      [
       -97.66208940791677,
       30.437486161063344
      ],
      [
       -97.66206809066271,
       30.437466451567254
      ]
     ]
    ]
   }
  },
  {
   "type": "Feature",
   "properties": {
    "id": "26-D2",
    "lot": 26,
    "space": "D2",
    "status": "buried",
    "color": "red"
   },
   "geometry": {
    "type": "Polygon",
    "coordinates": [
     [
      [
       -97.66207571064812,
       30.43746032509977
      ],
      [
       -97.66208333063354,
       30.43745419863229
      ],
      [
       -97.6621046478876,
       30.437473908128382
      ],
      [
       -97.66209702790219,
       30.437480034595865
      ],
      [
       -97.66207571064812,
       30.43746032509977
      ]
     ]
    ]
   }
  },
  {
   "type": "Feature",
   "properties": {
    "id": "26-D3",
    "lot": 26,
    "space": "D3",
    "status": "unowned",
    "color": "white"
   },
   "geometry": {
    "type": "Polygon",
    "coordinates": [
     [
      [
       -97.66208333063354,
       30.43745419863229
      ],
      [
       -97.66209095061895,
       30.43744807216481
      ],
      [
       -97.66211226787301,
       30.4374677816609
      ],
      [
       -97.6621046478876,
       30.437473908128382
      ],
      [
       -97.66208333063354,
       30.43745419863229
      ]
     ]
    ]
   }
  },
  {
   "type": "Feature",
   "properties": {
    "id": "26-D4",
    "lot": 26,
    "space": "D4",
    "status": "buried",
    "color": "red"
   },
   "geometry": {
    "type": "Polygon",
    "coordinates": [
     [
      [
       -97.66209095061895,
       30.43744807216481
      ],
      [
       -97.66209857060436,
       30.437441945697326
      ],
      [
       -97.66211988785842,
       30.437461655193417
      ],
      [
       -97.66211226787301,
       30.4374677816609
      ],
      [
       -97.66209095061895,
       30.43744807216481
      ]
     ]
    ]
   }
  },
  {
   "type": "Feature",
   "properties": {
    "id": "27-A1",
    "lot": 27,
    "space": "A1",
    "status": "vacant",
    "color": "lightblue",
    "owner": "PANJU, Shiraz"
   },
   "geometry": {
    "type": "Polygon",
    "coordinates": [
     [
      [
       -97.66232782529356,
       30.437337618537306
      ],
      [
       -97.66233544527897,
       30.437331492069823
      ],
      [
       -97.66235676253302,
       30.437351201565917
      ],
      [
       -97.66234914254761,
       30.437357328033396
      ],
      [
       -97.66232782529356,
       30.437337618537306
      ]
     ]
    ]
   }
  },
  {
   "type": "Feature",
   "properties": {
    "id": "27-A2",
    "lot": 27,
    "space": "A2",
    "status": "vacant",
    "color": "lightblue",
    "owner": "PANJU, Shiraz"
   },
   "geometry": {
    "type": "Polygon",
    "coordinates": [
     [
      [
       -97.66233544527897,
       30.437331492069823
      ],
      [
       -97.66234306526438,
       30.437325365602344
      ],
      [
       -97.66236438251843,
       30.437345075098435
      ],
      [
       -97.66235676253302,
       30.437351201565917
      ],
      [
       -97.66233544527897,
       30.437331492069823
      ]
     ]
    ]
   }
  },
  {
   "type": "Feature",
   "properties": {
    "id": "27-A3",
    "lot": 27,
    "space": "A3",
    "status": "buried",
    "color": "red"
   },
   "geometry": {
    "type": "Polygon",
    "coordinates": [
     [
      [
       -97.66234306526438,
       30.437325365602344
      ],
      [
       -97.66235068524979,
       30.43731923913486
      ],
      [
       -97.66237200250386,
       30.437338948630952
      ],
      [
       -97.66236438251843,
       30.437345075098435
      ],
      [
       -97.66234306526438,
       30.437325365602344
      ]
     ]
    ]
   }
  },
  {
   "type": "Feature",
   "properties": {
    "id": "27-A4",
    "lot": 27,
    "space": "A4",
    "status": "buried",
    "color": "red"
   },
   "geometry": {
    "type": "Polygon",
    "coordinates": [
     [
      [
       -97.66235068524979,
       30.43731923913486
      ],
      [
       -97.6623583052352,
       30.43731311266738
      ],
      [
       -97.66237962248927,
       30.43733282216347
      ],
      [
       -97.66237200250386,
       30.437338948630952
      ],
      [
       -97.66235068524979,
       30.43731923913486
      ]
     ]
    ]
   }
  },
  {
   "type": "Feature",
   "properties": {
    "id": "27-B1",
    "lot": 27,
    "space": "B1",
    "status": "buried",
    "color": "red"
   },
   "geometry": {
    "type": "Polygon",
    "coordinates": [
     [
      [
       -97.6623583052352,
       30.43731311266738
      ],
      [
       -97.66236592522061,
       30.437306986199896
      ],
      [
       -97.66238724247468,
       30.43732669569599
      ],
      [
       -97.66237962248927,
       30.43733282216347
      ],
      [
       -97.6623583052352,
       30.43731311266738
      ]
     ]
    ]
   }
  },
  {
   "type": "Feature",
   "properties": {
    "id": "27-B2",
    "lot": 27,
    "space": "B2",
    "status": "unowned",
    "color": "white"
   },
   "geometry": {
    "type": "Polygon",
    "coordinates": [
     [
      [
       -97.66236592522061,
       30.437306986199896
      ],
      [
       -97.66237354520604,
       30.437300859732417
      ],
      [
       -97.66239486246009,
       30.437320569228508
      ],
      [
       -97.66238724247468,
       30.43732669569599
      ],
      [
       -97.66236592522061,
       30.437306986199896
      ]
     ]
    ]
   }
  },
  {
   "type": "Feature",
   "properties": {
    "id": "27-B3",
    "lot": 27,
    "space": "B3",
    "status": "unowned",
    "color": "white"
   },
   "geometry": {
    "type": "Polygon",
    "coordinates": [
     [
      [
       -97.66237354520604,
       30.437300859732417
      ],
      [
       -97.66238116519145,
       30.437294733264935
      ],
      [
       -97.6624024824455,
       30.437314442761025
      ],
      [
       -97.66239486246009,
       30.437320569228508
      ],
      [
       -97.66237354520604,
       30.437300859732417
      ]
     ]
    ]
   }
  },
  {
   "type": "Feature",
   "properties": {
    "id": "27-B4",
    "lot": 27,
    "space": "B4",
    "status": "buried",
    "color": "red"
   },
   "geometry": {
    "type": "Polygon",
    "coordinates": [
     [
      [
       -97.66238116519145,
       30.437294733264935
      ],
      [
       -97.66238878517686,
       30.437288606797452
      ],
      [
       -97.66241010243091,
       30.437308316293542
      ],
      [
       -97.6624024824455,
       30.437314442761025
      ],
      [
       -97.66238116519145,
       30.437294733264935
      ]
     ]
    ]
   }
  },
  {
   "type": "Feature",
   "properties": {
    "id": "27-C1",
    "lot": 27,
    "space": "C1",
    "status": "buried",
    "color": "red"
   },
   "geometry": {
    "type": "Polygon",
    "coordinates": [
     [
      [
       -97.66234914254761,
       30.437357328033396
      ],
      [
       -97.66235676253302,
       30.437351201565917
      ],
      [
       -97.66237807978709,
       30.437370911062008
      ],
      [
       -97.66237045980168,
       30.43737703752949
      ],
      [
       -97.66234914254761,
       30.437357328033396
      ]
     ]
    ]
   }
  },
  {
   "type": "Feature",
   "properties": {
    "id": "27-C2",
    "lot": 27,
    "space": "C2",
    "status": "buried",
    "color": "red"
   },
   "geometry": {
    "type": "Polygon",
    "coordinates": [
     [
      [
       -97.66235676253302,
       30.437351201565917
      ],
      [
       -97.66236438251843,
       30.437345075098435
      ],
      [
       -97.6623856997725,
       30.437364784594525
      ],
      [
       -97.66237807978709,
       30.437370911062008
      ],
      [
       -97.66235676253302,
       30.437351201565917
      ]
     ]
    ]
   }
  },
  {
   "type": "Feature",
   "properties": {
    "id": "27-C3",
    "lot": 27,
    "space": "C3",
    "status": "vacant",
    "color": "lightblue",
    "owner": "KAZMI, Zain"
   },
   "geometry": {
    "type": "Polygon",
    "coordinates": [
     [
      [
       -97.66236438251843,
       30.437345075098435
      ],
      [
       -97.66237200250386,
       30.437338948630952
      ],
      [
       -97.66239331975791,
       30.437358658127042
      ],
      [
       -97.6623856997725,
       30.437364784594525
      ],
      [
       -97.66236438251843,
       30.437345075098435
      ]
     ]
    ]
   }
  },
  {
   "type": "Feature",
   "properties": {
    "id": "27-C4",
    "lot": 27,
    "space": "C4",
    "status": "vacant",
    "color": "lightblue",
    "owner": "KAZMI, Zain"
   },
   "geometry": {
    "type": "Polygon",
    "coordinates": [
     [
      [
       -97.66237200250386,
       30.437338948630952
      ],
      [
       -97.66237962248927,
       30.43733282216347
      ],
      [
       -97.66240093974332,
       30.437352531659563
      ],
      [
       -97.66239331975791,
       30.437358658127042
      ],
      [
       -97.66237200250386,
       30.437338948630952
      ]
     ]
    ]
   }
  },
  {
   "type": "Feature",
   "properties": {
    "id": "27-D1",
    "lot": 27,
    "space": "D1",
    "status": "unowned",
    "color": "white"
   },
   "geometry": {
    "type": "Polygon",
    "coordinates": [
     [
      [
       -97.66237962248927,
       30.43733282216347
      ],
      [
       -97.66238724247468,
       30.43732669569599
      ],
      [
       -97.66240855972875,
       30.43734640519208
      ],
      [
       -97.66240093974332,
       30.437352531659563
      ],
      [
       -97.66237962248927,
       30.43733282216347
      ]
     ]
    ]
   }
  },
  {
   "type": "Feature",
   "properties": {
    "id": "27-D2",
    "lot": 27,
    "space": "D2",
    "status": "unowned",
    "color": "white"
   },
   "geometry": {
    "type": "Polygon",
    "coordinates": [
     [
      [
       -97.66238724247468,
       30.43732669569599
      ],
      [
       -97.66239486246009,
       30.437320569228508
      ],
      [
       -97.66241617971416,
       30.437340278724598
      ],
      [
       -97.66240855972875,
       30.43734640519208
      ],
      [
       -97.66238724247468,
       30.43732669569599
      ]
     ]
    ]
   }
  },
  {
   "type": "Feature",
   "properties": {
    "id": "27-D3",
    "lot": 27,
    "space": "D3",
    "status": "unowned",
    "color": "white"
   },
   "geometry": {
    "type": "Polygon",
    "coordinates": [
     [
      [
       -97.66239486246009,
       30.437320569228508
      ],
      [
       -97.6624024824455,
       30.437314442761025
      ],
      [
       -97.66242379969957,
       30.437334152257115
      ],
      [
       -97.66241617971416,
       30.437340278724598
      ],
      [
       -97.66239486246009,
       30.437320569228508
      ]
     ]
    ]
   }
  },
  {
   "type": "Feature",
   "properties": {
    "id": "27-D4",
    "lot": 27,
    "space": "D4",
    "status": "buried",
    "color": "red"
   },
   "geometry": {
    "type": "Polygon",
    "coordinates": [
     [
      [
       -97.6624024824455,
       30.437314442761025
      ],
      [
       -97.66241010243091,
       30.437308316293542
      ],
      [
       -97.66243141968498,
       30.437328025789636
      ],
      [
       -97.66242379969957,
       30.437334152257115
      ],
      [
       -97.6624024824455,
       30.437314442761025
      ]
     ]
    ]
   }
  },
  {
   "type": "Feature",
   "properties": {
    "id": "28-A1",
    "lot": 28,
    "space": "A1",
    "status": "vacant",
    "color": "lightblue",
    "owner": "BASRAVI, Navaz"
   },
   "geometry": {
    "type": "Polygon",
    "coordinates": [
     [
      [
       -97.6622668120568,
       30.437386637398017
      ],
      [
       -97.66227443204222,
       30.437380510930534
      ],
      [
       -97.66229574929628,
       30.437400220426625
      ],
      [
       -97.66228812931087,
       30.437406346894107
      ],
      [
       -97.6622668120568,
       30.437386637398017
      ]
     ]
    ]
   }
  },
  {
   "type": "Feature",
   "properties": {
    "id": "28-A2",
    "lot": 28,
    "space": "A2",
    "status": "vacant",
    "color": "lightblue",
    "owner": "BASRAVI, Navaz"
   },
   "geometry": {
    "type": "Polygon",
    "coordinates": [
     [
      [
       -97.66227443204222,
       30.437380510930534
      ],
      [
       -97.66228205202763,
       30.43737438446305
      ],
      [
       -97.66230336928169,
       30.437394093959142
      ],
      [
       -97.66229574929628,
       30.437400220426625
      ],
      [
       -97.66227443204222,
       30.437380510930534
      ]
     ]
    ]
   }
  },
  {
   "type": "Feature",
   "properties": {
    "id": "28-A3",
    "lot": 28,
    "space": "A3",
    "status": "vacant",
    "color": "lightblue",
    "owner": "BASRAVI, Navaz"
   },
   "geometry": {
    "type": "Polygon",
    "coordinates": [
     [
      [
       -97.66228205202763,
       30.43737438446305
      ],
      [
       -97.66228967201305,
       30.437368257995573
      ],
      [
       -97.66231098926711,
       30.437387967491663
      ],
      [
       -97.66230336928169,
       30.437394093959142
      ],
      [
       -97.66228205202763,
       30.43737438446305
      ]
     ]
    ]
   }
  },
  {
   "type": "Feature",
   "properties": {
    "id": "28-A4",
    "lot": 28,
    "space": "A4",
    "status": "vacant",
    "color": "lightblue",
    "owner": "BASRAVI, Navaz"
   },
   "geometry": {
    "type": "Polygon",
    "coordinates": [
     [
      [
       -97.66228967201305,
       30.437368257995573
      ],
      [
       -97.66229729199846,
       30.43736213152809
      ],
      [
       -97.66231860925252,
       30.43738184102418
      ],
      [
       -97.66231098926711,
       30.437387967491663
      ],
      [
       -97.66228967201305,
       30.437368257995573
      ]
     ]
    ]
   }
  },
  {
   "type": "Feature",
   "properties": {
    "id": "28-B1",
    "lot": 28,
    "space": "B1",
    "status": "vacant",
    "color": "lightblue",
    "owner": "MUJTABA, Hasnain"
   },
   "geometry": {
    "type": "Polygon",
    "coordinates": [
     [
      [
       -97.66229729199846,
       30.43736213152809
      ],
      [
       -97.66230491198387,
       30.437356005060607
      ],
      [
       -97.66232622923793,
       30.437375714556698
      ],
      [
       -97.66231860925252,
       30.43738184102418
      ],
      [
       -97.66229729199846,
       30.43736213152809
      ]
     ]
    ]
   }
  },
  {
   "type": "Feature",
   "properties": {
    "id": "28-B2",
    "lot": 28,
    "space": "B2",
    "status": "vacant",
    "color": "lightblue",
    "owner": "MUJTABA, Hasnain"
   },
   "geometry": {
    "type": "Polygon",
    "coordinates": [
     [
      [
       -97.66230491198387,
       30.437356005060607
      ],
      [
       -97.66231253196928,
       30.437349878593125
      ],
      [
       -97.66233384922334,
       30.43736958808922
      ],
      [
       -97.66232622923793,
       30.437375714556698
      ],
      [
       -97.66230491198387,
       30.437356005060607
      ]
     ]
    ]
   }
  },
  {
   "type": "Feature",
   "properties": {
    "id": "28-B3",
    "lot": 28,
    "space": "B3",
    "status": "vacant",
    "color": "lightblue",
    "owner": "SYED, Husnain"
   },
   "geometry": {
    "type": "Polygon",
    "coordinates": [
     [
      [
       -97.66231253196928,
       30.437349878593125
      ],
      [
       -97.6623201519547,
       30.437343752125646
      ],
      [
       -97.66234146920876,
       30.437363461621736
      ],
      [
       -97.66233384922334,
       30.43736958808922
      ],
      [
       -97.66231253196928,
       30.437349878593125
      ]
     ]
    ]
   }
  },
  {
   "type": "Feature",
   "properties": {
    "id": "28-B4",
    "lot": 28,
    "space": "B4",
    "status": "vacant",
    "color": "lightblue",
    "owner": "SYED, Husnain"
   },
   "geometry": {
    "type": "Polygon",
    "coordinates": [
     [
      [
       -97.6623201519547,
       30.437343752125646
      ],
      [
       -97.66232777194011,
       30.437337625658163
      ],
      [
       -97.66234908919417,
       30.437357335154253
      ],
      [
       -97.66234146920876,
       30.437363461621736
      ],
      [
       -97.6623201519547,
       30.437343752125646
      ]
     ]
    ]
   }
  },
  {
   "type": "Feature",
   "properties": {
    "id": "28-C1",
    "lot": 28,
    "space": "C1",
    "status": "vacant",
    "color": "lightblue",
    "owner": "IABA -> BAHRAMI"
   },
   "geometry": {
    "type": "Polygon",
    "coordinates": [
     [
      [
       -97.66228812931087,
       30.437406346894107
      ],
      [
       -97.66229574929628,
       30.437400220426625
      ],
      [
       -97.66231706655034,
       30.437419929922715
      ],
      [
       -97.66230944656493,
       30.437426056390198
      ],
      [
       -97.66228812931087,
       30.437406346894107
      ]
     ]
    ]
   }
  },
  {
   "type": "Feature",
   "properties": {
    "id": "28-C2",
    "lot": 28,
    "space": "C2",
    "status": "vacant",
    "color": "lightblue",
    "owner": "IABA -> BAHRAMI"
   },
   "geometry": {
    "type": "Polygon",
    "coordinates": [
     [
      [
       -97.66229574929628,
       30.437400220426625
      ],
      [
       -97.66230336928169,
       30.437394093959142
      ],
      [
       -97.66232468653575,
       30.437413803455236
      ],
      [
       -97.66231706655034,
       30.437419929922715
      ],
      [
       -97.66229574929628,
       30.437400220426625
      ]
     ]
    ]
   }
  },
  {
   "type": "Feature",
   "properties": {
    "id": "28-C3",
    "lot": 28,
    "space": "C3",
    "status": "occupied",
    "color": "darkblue",
    "person": {
     "name": "BAHRAMI, Sultan Ali",
     "burial": "2025-07-03"
    }
   },
   "geometry": {
    "type": "Polygon",
    "coordinates": [
     [
      [
       -97.66230336928169,
       30.437394093959142
      ],
      [
       -97.66231098926711,
       30.437387967491663
      ],
      [
       -97.66233230652117,
       30.437407676987753
      ],
      [
       -97.66232468653575,
       30.437413803455236
      ],
      [
       -97.66230336928169,
       30.437394093959142
      ]
     ]
    ]
   }
  },
  {
   "type": "Feature",
   "properties": {
    "id": "28-C4",
    "lot": 28,
    "space": "C4",
    "status": "vacant",
    "color": "lightblue",
    "owner": "IABA -> BAHRAMI"
   },
   "geometry": {
    "type": "Polygon",
    "coordinates": [
     [
      [
       -97.66231098926711,
       30.437387967491663
      ],
      [
       -97.66231860925252,
       30.43738184102418
      ],
      [
       -97.66233992650658,
       30.43740155052027
      ],
      [
       -97.66233230652117,
       30.437407676987753
      ],
      [
       -97.66231098926711,
       30.437387967491663
      ]
     ]
    ]
   }
  },
  {
   "type": "Feature",
   "properties": {
    "id": "28-D1",
    "lot": 28,
    "space": "D1",
    "status": "vacant",
    "color": "lightblue",
    "owner": "JANMOHAMED, Aarif"
   },
   "geometry": {
    "type": "Polygon",
    "coordinates": [
     [
      [
       -97.66231860925252,
       30.43738184102418
      ],
      [
       -97.66232622923793,
       30.437375714556698
      ],
      [
       -97.66234754649199,
       30.43739542405279
      ],
      [
       -97.66233992650658,
       30.43740155052027
      ],
      [
       -97.66231860925252,
       30.43738184102418
      ]
     ]
    ]
   }
  },
  {
   "type": "Feature",
   "properties": {
    "id": "28-D2",
    "lot": 28,
    "space": "D2",
    "status": "vacant",
    "color": "lightblue",
    "owner": "JANMOHAMED, Aarif"
   },
   "geometry": {
    "type": "Polygon",
    "coordinates": [
     [
      [
       -97.66232622923793,
       30.437375714556698
      ],
      [
       -97.66233384922334,
       30.43736958808922
      ],
      [
       -97.66235516647741,
       30.43738929758531
      ],
      [
       -97.66234754649199,
       30.43739542405279
      ],
      [
       -97.66232622923793,
       30.437375714556698
      ]
     ]
    ]
   }
  },
  {
   "type": "Feature",
   "properties": {
    "id": "28-D3",
    "lot": 28,
    "space": "D3",
    "status": "vacant",
    "color": "lightblue",
    "owner": "JANMOHAMED, Raza"
   },
   "geometry": {
    "type": "Polygon",
    "coordinates": [
     [
      [
       -97.66233384922334,
       30.43736958808922
      ],
      [
       -97.66234146920876,
       30.437363461621736
      ],
      [
       -97.66236278646282,
       30.437383171117826
      ],
      [
       -97.66235516647741,
       30.43738929758531
      ],
      [
       -97.66233384922334,
       30.43736958808922
      ]
     ]
    ]
   }
  },
  {
   "type": "Feature",
   "properties": {
    "id": "28-D4",
    "lot": 28,
    "space": "D4",
    "status": "vacant",
    "color": "lightblue",
    "owner": "JANMOHAMED, Raza"
   },
   "geometry": {
    "type": "Polygon",
    "coordinates": [
     [
      [
       -97.66234146920876,
       30.437363461621736
      ],
      [
       -97.66234908919417,
       30.437357335154253
      ],
      [
       -97.66237040644823,
       30.437377044650344
      ],
      [
       -97.66236278646282,
       30.437383171117826
      ],
      [
       -97.66234146920876,
       30.437363461621736
      ]
     ]
    ]
   }
  },
  {
   "type": "Feature",
   "properties": {
    "id": "29-A3",
    "lot": 29,
    "space": "A3",
    "status": "vacant",
    "color": "lightblue",
    "owner": "PERVAIZ, Syed"
   },
   "geometry": {
    "type": "Polygon",
    "coordinates": [
     [
      [
       -97.66222101258394,
       30.437423209742295
      ],
      [
       -97.66222863256937,
       30.437417083274813
      ],
      [
       -97.66224994982342,
       30.437436792770907
      ],
      [
       -97.66224232983801,
       30.437442919238386
      ],
      [
       -97.66222101258394,
       30.437423209742295
      ]
     ]
    ]
   }
  },
  {
   "type": "Feature",
   "properties": {
    "id": "29-A4",
    "lot": 29,
    "space": "A4",
    "status": "vacant",
    "color": "lightblue",
    "owner": "PERVAIZ, Syed"
   },
   "geometry": {
    "type": "Polygon",
    "coordinates": [
     [
      [
       -97.66222863256937,
       30.437417083274813
      ],
      [
       -97.66223625255478,
       30.437410956807334
      ],
      [
       -97.66225756980883,
       30.437430666303424
      ],
      [
       -97.66224994982342,
       30.437436792770907
      ],
      [
       -97.66222863256937,
       30.437417083274813
      ]
     ]
    ]
   }
  },
  {
   "type": "Feature",
   "properties": {
    "id": "29-B1",
    "lot": 29,
    "space": "B1",
    "status": "vacant",
    "color": "lightblue",
    "owner": "PERVAIZ, Syed"
   },
   "geometry": {
    "type": "Polygon",
    "coordinates": [
     [
      [
       -97.66223625255478,
       30.437410956807334
      ],
      [
       -97.66224387254019,
       30.43740483033985
      ],
      [
       -97.66226518979424,
       30.43742453983594
      ],
      [
       -97.66225756980883,
       30.437430666303424
      ],
      [
       -97.66223625255478,
       30.437410956807334
      ]
     ]
    ]
   }
  },
  {
   "type": "Feature",
   "properties": {
    "id": "29-B2",
    "lot": 29,
    "space": "B2",
    "status": "occupied",
    "color": "darkblue",
    "person": {
     "name": "DAWOODALY, Mohamedali",
     "burial": "2023-07-09"
    }
   },
   "geometry": {
    "type": "Polygon",
    "coordinates": [
     [
      [
       -97.66224387254019,
       30.43740483033985
      ],
      [
       -97.6622514925256,
       30.43739870387237
      ],
      [
       -97.66227280977967,
       30.437418413368462
      ],
      [
       -97.66226518979424,
       30.43742453983594
      ],
      [
       -97.66224387254019,
       30.43740483033985
      ]
     ]
    ]
   }
  },
  {
   "type": "Feature",
   "properties": {
    "id": "29-B3",
    "lot": 29,
    "space": "B3",
    "status": "vacant",
    "color": "lightblue",
    "owner": "DAWOODALI, Fauzia"
   },
   "geometry": {
    "type": "Polygon",
    "coordinates": [
     [
      [
       -97.6622514925256,
       30.43739870387237
      ],
      [
       -97.66225911251101,
       30.43739257740489
      ],
      [
       -97.66228042976508,
       30.43741228690098
      ],
      [
       -97.66227280977967,
       30.437418413368462
      ],
      [
       -97.6622514925256,
       30.43739870387237
      ]
     ]
    ]
   }
  },
  {
   "type": "Feature",
   "properties": {
    "id": "29-B4",
    "lot": 29,
    "space": "B4",
    "status": "occupied",
    "color": "darkblue",
    "person": {
     "name": "BANO, Nargis",
     "burial": "2023-06-22"
    }
   },
   "geometry": {
    "type": "Polygon",
    "coordinates": [
     [
      [
       -97.66225911251101,
       30.43739257740489
      ],
      [
       -97.66226673249642,
       30.437386450937407
      ],
      [
       -97.66228804975049,
       30.437406160433497
      ],
      [
       -97.66228042976508,
       30.43741228690098
      ],
      [
       -97.66225911251101,
       30.43739257740489
      ]
     ]
    ]
   }
  },
  {
   "type": "Feature",
   "properties": {
    "id": "29-C1",
    "lot": 29,
    "space": "C1",
    "status": "occupied",
    "color": "darkblue",
    "person": {
     "name": "QURBAN, Zubeida",
     "burial": "2023-08-14"
    }
   },
   "geometry": {
    "type": "Polygon",
    "coordinates": [
     [
      [
       -97.66222708986719,
       30.43745517217335
      ],
      [
       -97.6622347098526,
       30.43744904570587
      ],
      [
       -97.66225602710665,
       30.43746875520196
      ],
      [
       -97.66224840712124,
       30.43747488166944
      ],
      [
       -97.66222708986719,
       30.43745517217335
      ]
     ]
    ]
   }
  },
  {
   "type": "Feature",
   "properties": {
    "id": "29-C2",
    "lot": 29,
    "space": "C2",
    "status": "occupied",
    "color": "darkblue",
    "person": {
     "name": "KHATOON, Narjis",
     "burial": "2019-03-30"
    }
   },
   "geometry": {
    "type": "Polygon",
    "coordinates": [
     [
      [
       -97.6622347098526,
       30.43744904570587
      ],
      [
       -97.66224232983801,
       30.437442919238386
      ],
      [
       -97.66226364709208,
       30.43746262873448
      ],
      [
       -97.66225602710665,
       30.43746875520196
      ],
      [
       -97.6622347098526,
       30.43744904570587
      ]
     ]
    ]
   }
  },
  {
   "type": "Feature",
   "properties": {
    "id": "29-C3",
    "lot": 29,
    "space": "C3",
    "status": "vacant",
    "color": "lightblue",
    "owner": "SYED, Ashher"
   },
   "geometry": {
    "type": "Polygon",
    "coordinates": [
     [
      [
       -97.66224232983801,
       30.437442919238386
      ],
      [
       -97.66224994982342,
       30.437436792770907
      ],
      [
       -97.66227126707749,
       30.437456502266997
      ],
      [
       -97.66226364709208,
       30.43746262873448
      ],
      [
       -97.66224232983801,
       30.437442919238386
      ]
     ]
    ]
   }
  },
  {
   "type": "Feature",
   "properties": {
    "id": "29-C4",
    "lot": 29,
    "space": "C4",
    "status": "vacant",
    "color": "lightblue",
    "owner": "SYED, Ashher"
   },
   "geometry": {
    "type": "Polygon",
    "coordinates": [
     [
      [
       -97.66224994982342,
       30.437436792770907
      ],
      [
       -97.66225756980883,
       30.437430666303424
      ],
      [
       -97.6622788870629,
       30.437450375799514
      ],
      [
       -97.66227126707749,
       30.437456502266997
      ],
      [
       -97.66224994982342,
       30.437436792770907
      ]
     ]
    ]
   }
  },
  {
   "type": "Feature",
   "properties": {
    "id": "29-D1",
    "lot": 29,
    "space": "D1",
    "status": "vacant",
    "color": "lightblue",
    "owner": "ZAIDI, Qamar"
   },
   "geometry": {
    "type": "Polygon",
    "coordinates": [
     [
      [
       -97.66225756980883,
       30.437430666303424
      ],
      [
       -97.66226518979424,
       30.43742453983594
      ],
      [
       -97.66228650704831,
       30.43744424933203
      ],
      [
       -97.6622788870629,
       30.437450375799514
      ],
      [
       -97.66225756980883,
       30.437430666303424
      ]
     ]
    ]
   }
  },
  {
   "type": "Feature",
   "properties": {
    "id": "29-D2",
    "lot": 29,
    "space": "D2",
    "status": "vacant",
    "color": "lightblue",
    "owner": "ZAIDI, Qamar"
   },
   "geometry": {
    "type": "Polygon",
    "coordinates": [
     [
      [
       -97.66226518979424,
       30.43742453983594
      ],
      [
       -97.66227280977967,
       30.437418413368462
      ],
      [
       -97.66229412703372,
       30.437438122864553
      ],
      [
       -97.66228650704831,
       30.43744424933203
      ],
      [
       -97.66226518979424,
       30.43742453983594
      ]
     ]
    ]
   }
  },
  {
   "type": "Feature",
   "properties": {
    "id": "29-D3",
    "lot": 29,
    "space": "D3",
    "status": "vacant",
    "color": "lightblue",
    "owner": "SHAH, Syed Ijlal"
   },
   "geometry": {
    "type": "Polygon",
    "coordinates": [
     [
      [
       -97.66227280977967,
       30.437418413368462
      ],
      [
       -97.66228042976508,
       30.43741228690098
      ],
      [
       -97.66230174701913,
       30.43743199639707
      ],
      [
       -97.66229412703372,
       30.437438122864553
      ],
      [
       -97.66227280977967,
       30.437418413368462
      ]
     ]
    ]
   }
  },
  {
   "type": "Feature",
   "properties": {
    "id": "29-D4",
    "lot": 29,
    "space": "D4",
    "status": "vacant",
    "color": "lightblue",
    "owner": "SHAH, Syed Ijlal"
   },
   "geometry": {
    "type": "Polygon",
    "coordinates": [
     [
      [
       -97.66228042976508,
       30.43741228690098
      ],
      [
       -97.66228804975049,
       30.437406160433497
      ],
      [
       -97.66230936700455,
       30.437425869929587
      ],
      [
       -97.66230174701913,
       30.43743199639707
      ],
      [
       -97.66228042976508,
       30.43741228690098
      ]
     ]
    ]
   }
  },
  {
   "type": "Feature",
   "properties": {
    "id": "30-A1",
    "lot": 30,
    "space": "A1",
    "status": "other",
    "color": "darkgray"
   },
   "geometry": {
    "type": "Polygon",
    "coordinates": [
     [
      [
       -97.66214544786693,
       30.437485287453296
      ],
      [
       -97.66215306785234,
       30.437479160985813
      ],
      [
       -97.66217438510641,
       30.437498870481903
      ],
      [
       -97.662166765121,
       30.437504996949386
      ],
      [
       -97.66214544786693,
       30.437485287453296
      ]
     ]
    ]
   }
  },
  {
   "type": "Feature",
   "properties": {
    "id": "30-A2",
    "lot": 30,
    "space": "A2",
    "status": "other",
    "color": "darkgray"
   },
   "geometry": {
    "type": "Polygon",
    "coordinates": [
     [
      [
       -97.66215306785234,
       30.437479160985813
      ],
      [
       -97.66216068783775,
       30.43747303451833
      ],
      [
       -97.66218200509182,
       30.437492744014424
      ],
      [
       -97.66217438510641,
       30.437498870481903
      ],
      [
       -97.66215306785234,
       30.437479160985813
      ]
     ]
    ]
   }
  },
  {
   "type": "Feature",
   "properties": {
    "id": "30-A3",
    "lot": 30,
    "space": "A3",
    "status": "other",
    "color": "darkgray"
   },
   "geometry": {
    "type": "Polygon",
    "coordinates": [
     [
      [
       -97.66216068783775,
       30.43747303451833
      ],
      [
       -97.66216830782318,
       30.43746690805085
      ],
      [
       -97.66218962507723,
       30.43748661754694
      ],
      [
       -97.66218200509182,
       30.437492744014424
      ],
      [
       -97.66216068783775,
       30.43747303451833
      ]
     ]
    ]
   }
  },
  {
   "type": "Feature",
   "properties": {
    "id": "30-A4",
    "lot": 30,
    "space": "A4",
    "status": "other",
    "color": "darkgray"
   },
   "geometry": {
    "type": "Polygon",
    "coordinates": [
     [
      [
       -97.66216830782318,
       30.43746690805085
      ],
      [
       -97.66217592780859,
       30.43746078158337
      ],
      [
       -97.66219724506264,
       30.43748049107946
      ],
      [
       -97.66218962507723,
       30.43748661754694
      ],
      [
       -97.66216830782318,
       30.43746690805085
      ]
     ]
    ]
   }
  },
  {
   "type": "Feature",
   "properties": {
    "id": "30-B1",
    "lot": 30,
    "space": "B1",
    "status": "unusable",
    "color": "green"
   },
   "geometry": {
    "type": "Polygon",
    "coordinates": [
     [
      [
       -97.66217592780859,
       30.43746078158337
      ],
      [
       -97.662183547794,
       30.437454655115886
      ],
      [
       -97.66220486504805,
       30.437474364611976
      ],
      [
       -97.66219724506264,
       30.43748049107946
      ],
      [
       -97.66217592780859,
       30.43746078158337
      ]
     ]
    ]
   }
  },
  {
   "type": "Feature",
   "properties": {
    "id": "30-B2",
    "lot": 30,
    "space": "B2",
    "status": "buried",
    "color": "red"
   },
   "geometry": {
    "type": "Polygon",
    "coordinates": [
     [
      [
       -97.662183547794,
       30.437454655115886
      ],
      [
       -97.66219116777941,
       30.437448528648403
      ],
      [
       -97.66221248503348,
       30.437468238144497
      ],
      [
       -97.66220486504805,
       30.437474364611976
      ],
      [
       -97.662183547794,
       30.437454655115886
      ]
     ]
    ]
   }
  },
  {
   "type": "Feature",
   "properties": {
    "id": "30-B3",
    "lot": 30,
    "space": "B3",
    "status": "unowned",
    "color": "white"
   },
   "geometry": {
    "type": "Polygon",
    "coordinates": [
     [
      [
       -97.66219116777941,
       30.437448528648403
      ],
      [
       -97.66219878776482,
       30.437442402180924
      ],
      [
       -97.66222010501889,
       30.437462111677014
      ],
      [
       -97.66221248503348,
       30.437468238144497
      ],
      [
       -97.66219116777941,
       30.437448528648403
      ]
     ]
    ]
   }
  },
  {
   "type": "Feature",
   "properties": {
    "id": "30-B4",
    "lot": 30,
    "space": "B4",
    "status": "occupied",
    "color": "darkblue",
    "person": {
     "name": "KHUDADAD, Nadir",
     "burial": "2018-11-10"
    }
   },
   "geometry": {
    "type": "Polygon",
    "coordinates": [
     [
      [
       -97.66219878776482,
       30.437442402180924
      ],
      [
       -97.66220640775023,
       30.43743627571344
      ],
      [
       -97.6622277250043,
       30.43745598520953
      ],
      [
       -97.66222010501889,
       30.437462111677014
      ],
      [
       -97.66219878776482,
       30.437442402180924
      ]
     ]
    ]
   }
  },
  {
   "type": "Feature",
   "properties": {
    "id": "30-C1",
    "lot": 30,
    "space": "C1",
    "status": "other",
    "color": "darkgray"
   },
   "geometry": {
    "type": "Polygon",
    "coordinates": [
     [
      [
       -97.662166765121,
       30.437504996949386
      ],
      [
       -97.66217438510641,
       30.437498870481903
      ],
      [
       -97.66219570236046,
       30.437518579977993
      ],
      [
       -97.66218808237505,
       30.437524706445476
      ],
      [
       -97.662166765121,
       30.437504996949386
      ]
     ]
    ]
   }
  },
  {
   "type": "Feature",
   "properties": {
    "id": "30-C2",
    "lot": 30,
    "space": "C2",
    "status": "other",
    "color": "darkgray"
   },
   "geometry": {
    "type": "Polygon",
    "coordinates": [
     [
      [
       -97.66217438510641,
       30.437498870481903
      ],
      [
       -97.66218200509182,
       30.437492744014424
      ],
      [
       -97.66220332234589,
       30.437512453510514
      ],
      [
       -97.66219570236046,
       30.437518579977993
      ],
      [
       -97.66217438510641,
       30.437498870481903
      ]
     ]
    ]
   }
  },
  {
   "type": "Feature",
   "properties": {
    "id": "30-C3",
    "lot": 30,
    "space": "C3",
    "status": "other",
    "color": "darkgray"
   },
   "geometry": {
    "type": "Polygon",
    "coordinates": [
     [
      [
       -97.66218200509182,
       30.437492744014424
      ],
      [
       -97.66218962507723,
       30.43748661754694
      ],
      [
       -97.6622109423313,
       30.43750632704303
      ],
      [
       -97.66220332234589,
       30.437512453510514
      ],
      [
       -97.66218200509182,
       30.437492744014424
      ]
     ]
    ]
   }
  },
  {
   "type": "Feature",
   "properties": {
    "id": "30-C4",
    "lot": 30,
    "space": "C4",
    "status": "other",
    "color": "darkgray"
   },
   "geometry": {
    "type": "Polygon",
    "coordinates": [
     [
      [
       -97.66218962507723,
       30.43748661754694
      ],
      [
       -97.66219724506264,
       30.43748049107946
      ],
      [
       -97.66221856231671,
       30.43750020057555
      ],
      [
       -97.6622109423313,
       30.43750632704303
      ],
      [
       -97.66218962507723,
       30.43748661754694
      ]
     ]
    ]
   }
  },
  {
   "type": "Feature",
   "properties": {
    "id": "30-D1",
    "lot": 30,
    "space": "D1",
    "status": "unusable",
    "color": "green"
   },
   "geometry": {
    "type": "Polygon",
    "coordinates": [
     [
      [
       -97.66219724506264,
       30.43748049107946
      ],
      [
       -97.66220486504805,
       30.437474364611976
      ],
      [
       -97.66222618230212,
       30.43749407410807
      ],
      [
       -97.66221856231671,
       30.43750020057555
      ],
      [
       -97.66219724506264,
       30.43748049107946
      ]
     ]
    ]
   }
  },
  {
   "type": "Feature",
   "properties": {
    "id": "30-D2",
    "lot": 30,
    "space": "D2",
    "status": "unowned",
    "color": "white"
   },
   "geometry": {
    "type": "Polygon",
    "coordinates": [
     [
      [
       -97.66220486504805,
       30.437474364611976
      ],
      [
       -97.66221248503348,
       30.437468238144497
      ],
      [
       -97.66223380228753,
       30.437487947640587
      ],
      [
       -97.66222618230212,
       30.43749407410807
      ],
      [
       -97.66220486504805,
       30.437474364611976
      ]
     ]
    ]
   }
  },
  {
   "type": "Feature",
   "properties": {
    "id": "30-D3",
    "lot": 30,
    "space": "D3",
    "status": "unowned",
    "color": "white"
   },
   "geometry": {
    "type": "Polygon",
    "coordinates": [
     [
      [
       -97.66221248503348,
       30.437468238144497
      ],
      [
       -97.66222010501889,
       30.437462111677014
      ],
      [
       -97.66224142227294,
       30.437481821173105
      ],
      [
       -97.66223380228753,
       30.437487947640587
      ],
      [
       -97.66221248503348,
       30.437468238144497
      ]
     ]
    ]
   }
  },
  {
   "type": "Feature",
   "properties": {
    "id": "30-D4",
    "lot": 30,
    "space": "D4",
    "status": "buried",
    "color": "red"
   },
   "geometry": {
    "type": "Polygon",
    "coordinates": [
     [
      [
       -97.66222010501889,
       30.437462111677014
      ],
      [
       -97.6622277250043,
       30.43745598520953
      ],
      [
       -97.66224904225835,
       30.437475694705622
      ],
      [
       -97.66224142227294,
       30.437481821173105
      ],
      [
       -97.66222010501889,
       30.437462111677014
      ]
     ]
    ]
   }
  },
  {
   "type": "Feature",
   "properties": {
    "id": "31-A1",
    "lot": 31,
    "space": "A1",
    "status": "other",
    "color": "darkgray"
   },
   "geometry": {
    "type": "Polygon",
    "coordinates": [
     [
      [
       -97.66208391829613,
       30.43753379128855
      ],
      [
       -97.66209153828154,
       30.43752766482107
      ],
      [
       -97.66211285553561,
       30.43754737431716
      ],
      [
       -97.6621052355502,
       30.43755350078464
      ],
      [
       -97.66208391829613,
       30.43753379128855
      ]
     ]
    ]
   }
  },
  {
   "type": "Feature",
   "properties": {
    "id": "31-A2",
    "lot": 31,
    "space": "A2",
    "status": "other",
    "color": "darkgray"
   },
   "geometry": {
    "type": "Polygon",
    "coordinates": [
     [
      [
       -97.66209153828154,
       30.43752766482107
      ],
      [
       -97.66209915826695,
       30.437521538353586
      ],
      [
       -97.66212047552102,
       30.43754124784968
      ],
      [
       -97.66211285553561,
       30.43754737431716
      ],
      [
       -97.66209153828154,
       30.43752766482107
      ]
     ]
    ]
   }
  },
  {
   "type": "Feature",
   "properties": {
    "id": "31-A3",
    "lot": 31,
    "space": "A3",
    "status": "other",
    "color": "darkgray"
   },
   "geometry": {
    "type": "Polygon",
    "coordinates": [
     [
      [
       -97.66209915826695,
       30.437521538353586
      ],
      [
       -97.66210677825237,
       30.437515411886107
      ],
      [
       -97.66212809550643,
       30.437535121382197
      ],
      [
       -97.66212047552102,
       30.43754124784968
      ],
      [
       -97.66209915826695,
       30.437521538353586
      ]
     ]
    ]
   }
  },
  {
   "type": "Feature",
   "properties": {
    "id": "31-A4",
    "lot": 31,
    "space": "A4",
    "status": "other",
    "color": "darkgray"
   },
   "geometry": {
    "type": "Polygon",
    "coordinates": [
     [
      [
       -97.66210677825237,
       30.437515411886107
      ],
      [
       -97.66211439823779,
       30.437509285418624
      ],
      [
       -97.66213571549184,
       30.437528994914715
      ],
      [
       -97.66212809550643,
       30.437535121382197
      ],
      [
       -97.66210677825237,
       30.437515411886107
      ]
     ]
    ]
   }
  },
  {
   "type": "Feature",
   "properties": {
    "id": "31-B1",
    "lot": 31,
    "space": "B1",
    "status": "other",
    "color": "darkgray"
   },
   "geometry": {
    "type": "Polygon",
    "coordinates": [
     [
      [
       -97.66211439823779,
       30.437509285418624
      ],
      [
       -97.6621220182232,
       30.43750315895114
      ],
      [
       -97.66214333547725,
       30.437522868447232
      ],
      [
       -97.66213571549184,
       30.437528994914715
      ],
      [
       -97.66211439823779,
       30.437509285418624
      ]
     ]
    ]
   }
  },
  {
   "type": "Feature",
   "properties": {
    "id": "31-B2",
    "lot": 31,
    "space": "B2",
    "status": "other",
    "color": "darkgray"
   },
   "geometry": {
    "type": "Polygon",
    "coordinates": [
     [
      [
       -97.6621220182232,
       30.43750315895114
      ],
      [
       -97.66212963820861,
       30.437497032483662
      ],
      [
       -97.66215095546266,
       30.437516741979753
      ],
      [
       -97.66214333547725,
       30.437522868447232
      ],
      [
       -97.6621220182232,
       30.43750315895114
      ]
     ]
    ]
   }
  },
  {
   "type": "Feature",
   "properties": {
    "id": "31-B3",
    "lot": 31,
    "space": "B3",
    "status": "other",
    "color": "darkgray"
   },
   "geometry": {
    "type": "Polygon",
    "coordinates": [
     [
      [
       -97.66212963820861,
       30.437497032483662
      ],
      [
       -97.66213725819402,
       30.43749090601618
      ],
      [
       -97.66215857544809,
       30.43751061551227
      ],
      [
       -97.66215095546266,
       30.437516741979753
      ],
      [
       -97.66212963820861,
       30.437497032483662
      ]
     ]
    ]
   }
  },
  {
   "type": "Feature",
   "properties": {
    "id": "31-B4",
    "lot": 31,
    "space": "B4",
    "status": "other",
    "color": "darkgray"
   },
   "geometry": {
    "type": "Polygon",
    "coordinates": [
     [
      [
       -97.66213725819402,
       30.43749090601618
      ],
      [
       -97.66214487817943,
       30.437484779548697
      ],
      [
       -97.6621661954335,
       30.437504489044787
      ],
      [
       -97.66215857544809,
       30.43751061551227
      ],
      [
       -97.66213725819402,
       30.43749090601618
      ]
     ]
    ]
   }
  },
  {
   "type": "Feature",
   "properties": {
    "id": "31-C1",
    "lot": 31,
    "space": "C1",
    "status": "other",
    "color": "darkgray"
   },
   "geometry": {
    "type": "Polygon",
    "coordinates": [
     [
      [
       -97.6621052355502,
       30.43755350078464
      ],
      [
       -97.66211285553561,
       30.43754737431716
      ],
      [
       -97.66213417278966,
       30.437567083813253
      ],
      [
       -97.66212655280425,
       30.437573210280732
      ],
      [
       -97.6621052355502,
       30.43755350078464
      ]
     ]
    ]
   }
  },
  {
   "type": "Feature",
   "properties": {
    "id": "31-C2",
    "lot": 31,
    "space": "C2",
    "status": "other",
    "color": "darkgray"
   },
   "geometry": {
    "type": "Polygon",
    "coordinates": [
     [
      [
       -97.66211285553561,
       30.43754737431716
      ],
      [
       -97.66212047552102,
       30.43754124784968
      ],
      [
       -97.66214179277507,
       30.43756095734577
      ],
      [
       -97.66213417278966,
       30.437567083813253
      ],
      [
       -97.66211285553561,
       30.43754737431716
      ]
     ]
    ]
   }
  },
  {
   "type": "Feature",
   "properties": {
    "id": "31-C3",
    "lot": 31,
    "space": "C3",
    "status": "other",
    "color": "darkgray"
   },
   "geometry": {
    "type": "Polygon",
    "coordinates": [
     [
      [
       -97.66212047552102,
       30.43754124784968
      ],
      [
       -97.66212809550643,
       30.437535121382197
      ],
      [
       -97.6621494127605,
       30.437554830878288
      ],
      [
       -97.66214179277507,
       30.43756095734577
      ],
      [
       -97.66212047552102,
       30.43754124784968
      ]
     ]
    ]
   }
  },
  {
   "type": "Feature",
   "properties": {
    "id": "31-C4",
    "lot": 31,
    "space": "C4",
    "status": "other",
    "color": "darkgray"
   },
   "geometry": {
    "type": "Polygon",
    "coordinates": [
     [
      [
       -97.66212809550643,
       30.437535121382197
      ],
      [
       -97.66213571549184,
       30.437528994914715
      ],
      [
       -97.66215703274591,
       30.437548704410805
      ],
      [
       -97.6621494127605,
       30.437554830878288
      ],
      [
       -97.66212809550643,
       30.437535121382197
      ]
     ]
    ]
   }
  },
  {
   "type": "Feature",
   "properties": {
    "id": "31-D1",
    "lot": 31,
    "space": "D1",
    "status": "other",
    "color": "darkgray"
   },
   "geometry": {
    "type": "Polygon",
    "coordinates": [
     [
      [
       -97.66213571549184,
       30.437528994914715
      ],
      [
       -97.66214333547725,
       30.437522868447232
      ],
      [
       -97.66216465273132,
       30.437542577943326
      ],
      [
       -97.66215703274591,
       30.437548704410805
      ],
      [
       -97.66213571549184,
       30.437528994914715
      ]
     ]
    ]
   }
  },
  {
   "type": "Feature",
   "properties": {
    "id": "31-D2",
    "lot": 31,
    "space": "D2",
    "status": "other",
    "color": "darkgray"
   },
   "geometry": {
    "type": "Polygon",
    "coordinates": [
     [
      [
       -97.66214333547725,
       30.437522868447232
      ],
      [
       -97.66215095546266,
       30.437516741979753
      ],
      [
       -97.66217227271673,
       30.437536451475843
      ],
      [
       -97.66216465273132,
       30.437542577943326
      ],
      [
       -97.66214333547725,
       30.437522868447232
      ]
     ]
    ]
   }
  },
  {
   "type": "Feature",
   "properties": {
    "id": "31-D3",
    "lot": 31,
    "space": "D3",
    "status": "other",
    "color": "darkgray"
   },
   "geometry": {
    "type": "Polygon",
    "coordinates": [
     [
      [
       -97.66215095546266,
       30.437516741979753
      ],
      [
       -97.66215857544809,
       30.43751061551227
      ],
      [
       -97.66217989270214,
       30.43753032500836
      ],
      [
       -97.66217227271673,
       30.437536451475843
      ],
      [
       -97.66215095546266,
       30.437516741979753
      ]
     ]
    ]
   }
  },
  {
   "type": "Feature",
   "properties": {
    "id": "31-D4",
    "lot": 31,
    "space": "D4",
    "status": "other",
    "color": "darkgray"
   },
   "geometry": {
    "type": "Polygon",
    "coordinates": [
     [
      [
       -97.66215857544809,
       30.43751061551227
      ],
      [
       -97.6621661954335,
       30.437504489044787
      ],
      [
       -97.66218751268755,
       30.437524198540878
      ],
      [
       -97.66217989270214,
       30.43753032500836
      ],
      [
       -97.66215857544809,
       30.43751061551227
      ]
     ]
    ]
   }
  },
  {
   "type": "Feature",
   "properties": {
    "id": "32-A1",
    "lot": 32,
    "space": "A1",
    "status": "vacant",
    "color": "lightblue",
    "owner": "ZAIDI, Murtuza"
   },
   "geometry": {
    "type": "Polygon",
    "coordinates": [
     [
      [
       -97.6623706513086,
       30.437376668906094
      ],
      [
       -97.66237827129402,
       30.43737054243861
      ],
      [
       -97.66239958854808,
       30.437390251934705
      ],
      [
       -97.66239196856267,
       30.437396378402184
      ],
      [
       -97.6623706513086,
       30.437376668906094
      ]
     ]
    ]
   }
  },
  {
   "type": "Feature",
   "properties": {
    "id": "32-A2",
    "lot": 32,
    "space": "A2",
    "status": "vacant",
    "color": "lightblue",
    "owner": "ZAIDI, Murtuza"
   },
   "geometry": {
    "type": "Polygon",
    "coordinates": [
     [
      [
       -97.66237827129402,
       30.43737054243861
      ],
      [
       -97.66238589127943,
       30.437364415971132
      ],
      [
       -97.6624072085335,
       30.437384125467222
      ],
      [
       -97.66239958854808,
       30.437390251934705
      ],
      [
       -97.66237827129402,
       30.43737054243861
      ]
     ]
    ]
   }
  },
  {
   "type": "Feature",
   "properties": {
    "id": "32-A3",
    "lot": 32,
    "space": "A3",
    "status": "unowned",
    "color": "white"
   },
   "geometry": {
    "type": "Polygon",
    "coordinates": [
     [
      [
       -97.66238589127943,
       30.437364415971132
      ],
      [
       -97.66239351126484,
       30.43735828950365
      ],
      [
       -97.6624148285189,
       30.43737799899974
      ],
      [
       -97.6624072085335,
       30.437384125467222
      ],
      [
       -97.66238589127943,
       30.437364415971132
      ]
     ]
    ]
   }
  },
  {
   "type": "Feature",
   "properties": {
    "id": "32-A4",
    "lot": 32,
    "space": "A4",
    "status": "unowned",
    "color": "white"
   },
   "geometry": {
    "type": "Polygon",
    "coordinates": [
     [
      [
       -97.66239351126484,
       30.43735828950365
      ],
      [
       -97.66240113125026,
       30.437352163036167
      ],
      [
       -97.66242244850432,
       30.437371872532257
      ],
      [
       -97.6624148285189,
       30.43737799899974
      ],
      [
       -97.66239351126484,
       30.43735828950365
      ]
     ]
    ]
   }
  },
  {
   "type": "Feature",
   "properties": {
    "id": "32-B1",
    "lot": 32,
    "space": "B1",
    "status": "buried",
    "color": "red"
   },
   "geometry": {
    "type": "Polygon",
    "coordinates": [
     [
      [
       -97.66240113125026,
       30.437352163036167
      ],
      [
       -97.66240875123567,
       30.437346036568687
      ],
      [
       -97.66243006848973,
       30.437365746064778
      ],
      [
       -97.66242244850432,
       30.437371872532257
      ],
      [
       -97.66240113125026,
       30.437352163036167
      ]
     ]
    ]
   }
  },
  {
   "type": "Feature",
   "properties": {
    "id": "32-B2",
    "lot": 32,
    "space": "B2",
    "status": "unowned",
    "color": "white"
   },
   "geometry": {
    "type": "Polygon",
    "coordinates": [
     [
      [
       -97.66240875123567,
       30.437346036568687
      ],
      [
       -97.66241637122108,
       30.437339910101205
      ],
      [
       -97.66243768847515,
       30.437359619597295
      ],
      [
       -97.66243006848973,
       30.437365746064778
      ],
      [
       -97.66240875123567,
       30.437346036568687
      ]
     ]
    ]
   }
  },
  {
   "type": "Feature",
   "properties": {
    "id": "32-B3",
    "lot": 32,
    "space": "B3",
    "status": "buried",
    "color": "red"
   },
   "geometry": {
    "type": "Polygon",
    "coordinates": [
     [
      [
       -97.66241637122108,
       30.437339910101205
      ],
      [
       -97.6624239912065,
       30.437333783633722
      ],
      [
       -97.66244530846056,
       30.437353493129812
      ],
      [
       -97.66243768847515,
       30.437359619597295
      ],
      [
       -97.66241637122108,
       30.437339910101205
      ]
     ]
    ]
   }
  },
  {
   "type": "Feature",
   "properties": {
    "id": "32-B4",
    "lot": 32,
    "space": "B4",
    "status": "buried",
    "color": "red"
   },
   "geometry": {
    "type": "Polygon",
    "coordinates": [
     [
      [
       -97.6624239912065,
       30.437333783633722
      ],
      [
       -97.6624316111919,
       30.43732765716624
      ],
      [
       -97.66245292844597,
       30.437347366662333
      ],
      [
       -97.66244530846056,
       30.437353493129812
      ],
      [
       -97.6624239912065,
       30.437333783633722
      ]
     ]
    ]
   }
  },
  {
   "type": "Feature",
   "properties": {
    "id": "32-C1",
    "lot": 32,
    "space": "C1",
    "status": "vacant",
    "color": "lightblue",
    "owner": "BANDALI, Abbas"
   },
   "geometry": {
    "type": "Polygon",
    "coordinates": [
     [
      [
       -97.66239196856267,
       30.437396378402184
      ],
      [
       -97.66239958854808,
       30.437390251934705
      ],
      [
       -97.66242090580214,
       30.437409961430795
      ],
      [
       -97.66241328581673,
       30.437416087898278
      ],
      [
       -97.66239196856267,
       30.437396378402184
      ]
     ]
    ]
   }
  },
  {
   "type": "Feature",
   "properties": {
    "id": "32-C2",
    "lot": 32,
    "space": "C2",
    "status": "vacant",
    "color": "lightblue",
    "owner": "BANDALI, Abbas"
   },
   "geometry": {
    "type": "Polygon",
    "coordinates": [
     [
      [
       -97.66239958854808,
       30.437390251934705
      ],
      [
       -97.6624072085335,
       30.437384125467222
      ],
      [
       -97.66242852578755,
       30.437403834963312
      ],
      [
       -97.66242090580214,
       30.437409961430795
      ],
      [
       -97.66239958854808,
       30.437390251934705
      ]
     ]
    ]
   }
  },
  {
   "type": "Feature",
   "properties": {
    "id": "32-C3",
    "lot": 32,
    "space": "C3",
    "status": "vacant",
    "color": "lightblue",
    "owner": "BANDALI, Abbas"
   },
   "geometry": {
    "type": "Polygon",
    "coordinates": [
     [
      [
       -97.6624072085335,
       30.437384125467222
      ],
      [
       -97.6624148285189,
       30.43737799899974
      ],
      [
       -97.66243614577297,
       30.43739770849583
      ],
      [
       -97.66242852578755,
       30.437403834963312
      ],
      [
       -97.6624072085335,
       30.437384125467222
      ]
     ]
    ]
   }
  },
  {
   "type": "Feature",
   "properties": {
    "id": "32-C4",
    "lot": 32,
    "space": "C4",
    "status": "vacant",
    "color": "lightblue",
    "owner": "BANDALI, Abbas"
   },
   "geometry": {
    "type": "Polygon",
    "coordinates": [
     [
      [
       -97.6624148285189,
       30.43737799899974
      ],
      [
       -97.66242244850432,
       30.437371872532257
      ],
      [
       -97.66244376575838,
       30.43739158202835
      ],
      [
       -97.66243614577297,
       30.43739770849583
      ],
      [
       -97.6624148285189,
       30.43737799899974
      ]
     ]
    ]
   }
  },
  {
   "type": "Feature",
   "properties": {
    "id": "32-D1",
    "lot": 32,
    "space": "D1",
    "status": "unowned",
    "color": "white"
   },
   "geometry": {
    "type": "Polygon",
    "coordinates": [
     [
      [
       -97.66242244850432,
       30.437371872532257
      ],
      [
       -97.66243006848973,
       30.437365746064778
      ],
      [
       -97.6624513857438,
       30.437385455560868
      ],
      [
       -97.66244376575838,
       30.43739158202835
      ],
      [
       -97.66242244850432,
       30.437371872532257
      ]
     ]
    ]
   }
  },
  {
   "type": "Feature",
   "properties": {
    "id": "32-D2",
    "lot": 32,
    "space": "D2",
    "status": "unowned",
    "color": "white"
   },
   "geometry": {
    "type": "Polygon",
    "coordinates": [
     [
      [
       -97.66243006848973,
       30.437365746064778
      ],
      [
       -97.66243768847515,
       30.437359619597295
      ],
      [
       -97.6624590057292,
       30.437379329093385
      ],
      [
       -97.6624513857438,
       30.437385455560868
      ],
      [
       -97.66243006848973,
       30.437365746064778
      ]
     ]
    ]
   }
  },
  {
   "type": "Feature",
   "properties": {
    "id": "32-D3",
    "lot": 32,
    "space": "D3",
    "status": "unowned",
    "color": "white"
   },
   "geometry": {
    "type": "Polygon",
    "coordinates": [
     [
      [
       -97.66243768847515,
       30.437359619597295
      ],
      [
       -97.66244530846056,
       30.437353493129812
      ],
      [
       -97.66246662571461,
       30.437373202625906
      ],
      [
       -97.6624590057292,
       30.437379329093385
      ],
      [
       -97.66243768847515,
       30.437359619597295
      ]
     ]
    ]
   }
  },
  {
   "type": "Feature",
   "properties": {
    "id": "32-D4",
    "lot": 32,
    "space": "D4",
    "status": "unowned",
    "color": "white"
   },
   "geometry": {
    "type": "Polygon",
    "coordinates": [
     [
      [
       -97.66244530846056,
       30.437353493129812
      ],
      [
       -97.66245292844597,
       30.437347366662333
      ],
      [
       -97.66247424570003,
       30.437367076158424
      ],
      [
       -97.66246662571461,
       30.437373202625906
      ],
      [
       -97.66244530846056,
       30.437353493129812
      ]
     ]
    ]
   }
  },
  {
   "type": "Feature",
   "properties": {
    "id": "33-A1",
    "lot": 33,
    "space": "A1",
    "status": "buried",
    "color": "red"
   },
   "geometry": {
    "type": "Polygon",
    "coordinates": [
     [
      [
       -97.66230956415751,
       30.437426033396388
      ],
      [
       -97.66231718414292,
       30.43741990692891
      ],
      [
       -97.66233850139699,
       30.437439616425
      ],
      [
       -97.66233088141156,
       30.437445742892482
      ],
      [
       -97.66230956415751,
       30.437426033396388
      ]
     ]
    ]
   }
  },
  {
   "type": "Feature",
   "properties": {
    "id": "33-A2",
    "lot": 33,
    "space": "A2",
    "status": "unowned",
    "color": "white"
   },
   "geometry": {
    "type": "Polygon",
    "coordinates": [
     [
      [
       -97.66231718414292,
       30.43741990692891
      ],
      [
       -97.66232480412833,
       30.437413780461426
      ],
      [
       -97.6623461213824,
       30.437433489957517
      ],
      [
       -97.66233850139699,
       30.437439616425
      ],
      [
       -97.66231718414292,
       30.43741990692891
      ]
     ]
    ]
   }
  },
  {
   "type": "Feature",
   "properties": {
    "id": "33-A3",
    "lot": 33,
    "space": "A3",
    "status": "unowned",
    "color": "white"
   },
   "geometry": {
    "type": "Polygon",
    "coordinates": [
     [
      [
       -97.66232480412833,
       30.437413780461426
      ],
      [
       -97.66233242411374,
       30.437407653993944
      ],
      [
       -97.66235374136781,
       30.437427363490034
      ],
      [
       -97.6623461213824,
       30.437433489957517
      ],
      [
       -97.66232480412833,
       30.437413780461426
      ]
     ]
    ]
   }
  },
  {
   "type": "Feature",
   "properties": {
    "id": "33-A4",
    "lot": 33,
    "space": "A4",
    "status": "unowned",
    "color": "white"
   },
   "geometry": {
    "type": "Polygon",
    "coordinates": [
     [
      [
       -97.66233242411374,
       30.437407653993944
      ],
      [
       -97.66234004409917,
       30.43740152752646
      ],
      [
       -97.66236136135322,
       30.437421237022555
      ],
      [
       -97.66235374136781,
       30.437427363490034
      ],
      [
       -97.66233242411374,
       30.437407653993944
      ]
     ]
    ]
   }
  },
  {
   "type": "Feature",
   "properties": {
    "id": "33-B1",
    "lot": 33,
    "space": "B1",
    "status": "unowned",
    "color": "white"
   },
   "geometry": {
    "type": "Polygon",
    "coordinates": [
     [
      [
       -97.66234004409917,
       30.43740152752646
      ],
      [
       -97.66234766408458,
       30.437395401058982
      ],
      [
       -97.66236898133863,
       30.437415110555072
      ],
      [
       -97.66236136135322,
       30.437421237022555
      ],
      [
       -97.66234004409917,
       30.43740152752646
      ]
     ]
    ]
   }
  },
  {
   "type": "Feature",
   "properties": {
    "id": "33-B2",
    "lot": 33,
    "space": "B2",
    "status": "unowned",
    "color": "white"
   },
   "geometry": {
    "type": "Polygon",
    "coordinates": [
     [
      [
       -97.66234766408458,
       30.437395401058982
      ],
      [
       -97.66235528406999,
       30.4373892745915
      ],
      [
       -97.66237660132404,
       30.43740898408759
      ],
      [
       -97.66236898133863,
       30.437415110555072
      ],
      [
       -97.66234766408458,
       30.437395401058982
      ]
     ]
    ]
   }
  },
  {
   "type": "Feature",
   "properties": {
    "id": "33-B3",
    "lot": 33,
    "space": "B3",
    "status": "unowned",
    "color": "white"
   },
   "geometry": {
    "type": "Polygon",
    "coordinates": [
     [
      [
       -97.66235528406999,
       30.4373892745915
      ],
      [
       -97.6623629040554,
       30.437383148124017
      ],
      [
       -97.66238422130947,
       30.43740285762011
      ],
      [
       -97.66237660132404,
       30.43740898408759
      ],
      [
       -97.66235528406999,
       30.4373892745915
      ]
     ]
    ]
   }
  },
  {
   "type": "Feature",
   "properties": {
    "id": "33-B4",
    "lot": 33,
    "space": "B4",
    "status": "unowned",
    "color": "white"
   },
   "geometry": {
    "type": "Polygon",
    "coordinates": [
     [
      [
       -97.6623629040554,
       30.437383148124017
      ],
      [
       -97.66237052404081,
       30.437377021656538
      ],
      [
       -97.66239184129488,
       30.437396731152628
      ],
      [
       -97.66238422130947,
       30.43740285762011
      ],
      [
       -97.6623629040554,
       30.437383148124017
      ]
     ]
    ]
   }
  },
  {
   "type": "Feature",
   "properties": {
    "id": "33-C1",
    "lot": 33,
    "space": "C1",
    "status": "buried",
    "color": "red"
   },
   "geometry": {
    "type": "Polygon",
    "coordinates": [
     [
      [
       -97.66233088141156,
       30.437445742892482
      ],
      [
       -97.66233850139699,
       30.437439616425
      ],
      [
       -97.66235981865104,
       30.43745932592109
      ],
      [
       -97.66235219866563,
       30.437465452388572
      ],
      [
       -97.66233088141156,
       30.437445742892482
      ]
     ]
    ]
   }
  },
  {
   "type": "Feature",
   "properties": {
    "id": "33-C2",
    "lot": 33,
    "space": "C2",
    "status": "unowned",
    "color": "white"
   },
   "geometry": {
    "type": "Polygon",
    "coordinates": [
     [
      [
       -97.66233850139699,
       30.437439616425
      ],
      [
       -97.6623461213824,
       30.437433489957517
      ],
      [
       -97.66236743863645,
       30.437453199453607
      ],
      [
       -97.66235981865104,
       30.43745932592109
      ],
      [
       -97.66233850139699,
       30.437439616425
      ]
     ]
    ]
   }
  },
  {
   "type": "Feature",
   "properties": {
    "id": "33-C3",
    "lot": 33,
    "space": "C3",
    "status": "unowned",
    "color": "white"
   },
   "geometry": {
    "type": "Polygon",
    "coordinates": [
     [
      [
       -97.6623461213824,
       30.437433489957517
      ],
      [
       -97.66235374136781,
       30.437427363490034
      ],
      [
       -97.66237505862188,
       30.437447072986128
      ],
      [
       -97.66236743863645,
       30.437453199453607
      ],
      [
       -97.6623461213824,
       30.437433489957517
      ]
     ]
    ]
   }
  },
  {
   "type": "Feature",
   "properties": {
    "id": "33-C4",
    "lot": 33,
    "space": "C4",
    "status": "unowned",
    "color": "white"
   },
   "geometry": {
    "type": "Polygon",
    "coordinates": [
     [
      [
       -97.66235374136781,
       30.437427363490034
      ],
      [
       -97.66236136135322,
       30.437421237022555
      ],
      [
       -97.66238267860729,
       30.437440946518645
      ],
      [
       -97.66237505862188,
       30.437447072986128
      ],
      [
       -97.66235374136781,
       30.437427363490034
      ]
     ]
    ]
   }
  },
  {
   "type": "Feature",
   "properties": {
    "id": "33-D2",
    "lot": 33,
    "space": "D2",
    "status": "occupied",
    "color": "darkblue",
    "person": {
     "name": "KARIM, Hayat",
     "burial": "2024-03-10"
    }
   },
   "geometry": {
    "type": "Polygon",
    "coordinates": [
     [
      [
       -97.66236898133863,
       30.437415110555072
      ],
      [
       -97.66237660132404,
       30.43740898408759
      ],
      [
       -97.66239791857811,
       30.43742869358368
      ],
      [
       -97.6623902985927,
       30.437434820051163
      ],
      [
       -97.66236898133863,
       30.437415110555072
      ]
     ]
    ]
   }
  },
  {
   "type": "Feature",
   "properties": {
    "id": "33-D3",
    "lot": 33,
    "space": "D3",
    "status": "unowned",
    "color": "white"
   },
   "geometry": {
    "type": "Polygon",
    "coordinates": [
     [
      [
       -97.66237660132404,
       30.43740898408759
      ],
      [
       -97.66238422130947,
       30.43740285762011
      ],
      [
       -97.66240553856352,
       30.4374225671162
      ],
      [
       -97.66239791857811,
       30.43742869358368
      ],
      [
       -97.66237660132404,
       30.43740898408759
      ]
     ]
    ]
   }
  },
  {
   "type": "Feature",
   "properties": {
    "id": "33-D4",
    "lot": 33,
    "space": "D4",
    "status": "unowned",
    "color": "white"
   },
   "geometry": {
    "type": "Polygon",
    "coordinates": [
     [
      [
       -97.66238422130947,
       30.43740285762011
      ],
      [
       -97.66239184129488,
       30.437396731152628
      ],
      [
       -97.66241315854893,
       30.437416440648718
      ],
      [
       -97.66240553856352,
       30.4374225671162
      ],
      [
       -97.66238422130947,
       30.43740285762011
      ]
     ]
    ]
   }
  },
  {
   "type": "Feature",
   "properties": {
    "id": "34-A1",
    "lot": 34,
    "space": "A1",
    "status": "buried",
    "color": "red"
   },
   "geometry": {
    "type": "Polygon",
    "coordinates": [
     [
      [
       -97.66224895181229,
       30.43747551699711
      ],
      [
       -97.6622565717977,
       30.43746939052963
      ],
      [
       -97.66227788905177,
       30.43748910002572
      ],
      [
       -97.66227026906634,
       30.4374952264932
      ],
      [
       -97.66224895181229,
       30.43747551699711
      ]
     ]
    ]
   }
  },
  {
   "type": "Feature",
   "properties": {
    "id": "34-A2",
    "lot": 34,
    "space": "A2",
    "status": "vacant",
    "color": "lightblue",
    "owner": "POURGHORAISHI, Martha"
   },
   "geometry": {
    "type": "Polygon",
    "coordinates": [
     [
      [
       -97.6622565717977,
       30.43746939052963
      ],
      [
       -97.66226419178311,
       30.437463264062146
      ],
      [
       -97.66228550903718,
       30.437482973558236
      ],
      [
       -97.66227788905177,
       30.43748910002572
      ],
      [
       -97.6622565717977,
       30.43746939052963
      ]
     ]
    ]
   }
  },
  {
   "type": "Feature",
   "properties": {
    "id": "34-A3",
    "lot": 34,
    "space": "A3",
    "status": "vacant",
    "color": "lightblue",
    "owner": "BHIMJI, Murtaza"
   },
   "geometry": {
    "type": "Polygon",
    "coordinates": [
     [
      [
       -97.66226419178311,
       30.437463264062146
      ],
      [
       -97.66227181176852,
       30.437457137594663
      ],
      [
       -97.66229312902259,
       30.437476847090757
      ],
      [
       -97.66228550903718,
       30.437482973558236
      ],
      [
       -97.66226419178311,
       30.437463264062146
      ]
     ]
    ]
   }
  },
  {
   "type": "Feature",
   "properties": {
    "id": "34-A4",
    "lot": 34,
    "space": "A4",
    "status": "vacant",
    "color": "lightblue",
    "owner": "BHIMJI, Murtaza"
   },
   "geometry": {
    "type": "Polygon",
    "coordinates": [
     [
      [
       -97.66227181176852,
       30.437457137594663
      ],
      [
       -97.66227943175393,
       30.437451011127184
      ],
      [
       -97.662300749008,
       30.437470720623274
      ],
      [
       -97.66229312902259,
       30.437476847090757
      ],
      [
       -97.66227181176852,
       30.437457137594663
      ]
     ]
    ]
   }
  },
  {
   "type": "Feature",
   "properties": {
    "id": "34-B1",
    "lot": 34,
    "space": "B1",
    "status": "buried",
    "color": "red"
   },
   "geometry": {
    "type": "Polygon",
    "coordinates": [
     [
      [
       -97.66227943175393,
       30.437451011127184
      ],
      [
       -97.66228705173936,
       30.4374448846597
      ],
      [
       -97.66230836899341,
       30.43746459415579
      ],
      [
       -97.662300749008,
       30.437470720623274
      ],
      [
       -97.66227943175393,
       30.437451011127184
      ]
     ]
    ]
   }
  },
  {
   "type": "Feature",
   "properties": {
    "id": "34-B2",
    "lot": 34,
    "space": "B2",
    "status": "unowned",
    "color": "white"
   },
   "geometry": {
    "type": "Polygon",
    "coordinates": [
     [
      [
       -97.66228705173936,
       30.4374448846597
      ],
      [
       -97.66229467172477,
       30.43743875819222
      ],
      [
       -97.66231598897882,
       30.43745846768831
      ],
      [
       -97.66230836899341,
       30.43746459415579
      ],
      [
       -97.66228705173936,
       30.4374448846597
      ]
     ]
    ]
   }
  },
  {
   "type": "Feature",
   "properties": {
    "id": "34-B3",
    "lot": 34,
    "space": "B3",
    "status": "buried",
    "color": "red"
   },
   "geometry": {
    "type": "Polygon",
    "coordinates": [
     [
      [
       -97.66229467172477,
       30.43743875819222
      ],
      [
       -97.66230229171018,
       30.437432631724736
      ],
      [
       -97.66232360896423,
       30.43745234122083
      ],
      [
       -97.66231598897882,
       30.43745846768831
      ],
      [
       -97.66229467172477,
       30.43743875819222
      ]
     ]
    ]
   }
  },
  {
   "type": "Feature",
   "properties": {
    "id": "34-B4",
    "lot": 34,
    "space": "B4",
    "status": "unowned",
    "color": "white"
   },
   "geometry": {
    "type": "Polygon",
    "coordinates": [
     [
      [
       -97.66230229171018,
       30.437432631724736
      ],
      [
       -97.66230991169559,
       30.437426505257257
      ],
      [
       -97.66233122894965,
       30.437446214753347
      ],
      [
       -97.66232360896423,
       30.43745234122083
      ],
      [
       -97.66230229171018,
       30.437432631724736
      ]
     ]
    ]
   }
  },
  {
   "type": "Feature",
   "properties": {
    "id": "34-C1",
    "lot": 34,
    "space": "C1",
    "status": "buried",
    "color": "red"
   },
   "geometry": {
    "type": "Polygon",
    "coordinates": [
     [
      [
       -97.66227026906634,
       30.4374952264932
      ],
      [
       -97.66227788905177,
       30.43748910002572
      ],
      [
       -97.66229920630582,
       30.43750880952181
      ],
      [
       -97.6622915863204,
       30.43751493598929
      ],
      [
       -97.66227026906634,
       30.4374952264932
      ]
     ]
    ]
   }
  },
  {
   "type": "Feature",
   "properties": {
    "id": "34-C2",
    "lot": 34,
    "space": "C2",
    "status": "buried",
    "color": "red"
   },
   "geometry": {
    "type": "Polygon",
    "coordinates": [
     [
      [
       -97.66227788905177,
       30.43748910002572
      ],
      [
       -97.66228550903718,
       30.437482973558236
      ],
      [
       -97.66230682629123,
       30.43750268305433
      ],
      [
       -97.66229920630582,
       30.43750880952181
      ],
      [
       -97.66227788905177,
       30.43748910002572
      ]
     ]
    ]
   }
  },
  {
   "type": "Feature",
   "properties": {
    "id": "34-C3",
    "lot": 34,
    "space": "C3",
    "status": "buried",
    "color": "red"
   },
   "geometry": {
    "type": "Polygon",
    "coordinates": [
     [
      [
       -97.66228550903718,
       30.437482973558236
      ],
      [
       -97.66229312902259,
       30.437476847090757
      ],
      [
       -97.66231444627664,
       30.437496556586847
      ],
      [
       -97.66230682629123,
       30.43750268305433
      ],
      [
       -97.66228550903718,
       30.437482973558236
      ]
     ]
    ]
   }
  },
  {
   "type": "Feature",
   "properties": {
    "id": "34-C4",
    "lot": 34,
    "space": "C4",
    "status": "buried",
    "color": "red"
   },
   "geometry": {
    "type": "Polygon",
    "coordinates": [
     [
      [
       -97.66229312902259,
       30.437476847090757
      ],
      [
       -97.662300749008,
       30.437470720623274
      ],
      [
       -97.66232206626206,
       30.437490430119365
      ],
      [
       -97.66231444627664,
       30.437496556586847
      ],
      [
       -97.66229312902259,
       30.437476847090757
      ]
     ]
    ]
   }
  },
  {
   "type": "Feature",
   "properties": {
    "id": "34-D1",
    "lot": 34,
    "space": "D1",
    "status": "unowned",
    "color": "white"
   },
   "geometry": {
    "type": "Polygon",
    "coordinates": [
     [
      [
       -97.662300749008,
       30.437470720623274
      ],
      [
       -97.66230836899341,
       30.43746459415579
      ],
      [
       -97.66232968624747,
       30.437484303651882
      ],
      [
       -97.66232206626206,
       30.437490430119365
      ],
      [
       -97.662300749008,
       30.437470720623274
      ]
     ]
    ]
   }
  },
  {
   "type": "Feature",
   "properties": {
    "id": "34-D2",
    "lot": 34,
    "space": "D2",
    "status": "buried",
    "color": "red"
   },
   "geometry": {
    "type": "Polygon",
    "coordinates": [
     [
      [
       -97.66230836899341,
       30.43746459415579
      ],
      [
       -97.66231598897882,
       30.43745846768831
      ],
      [
       -97.66233730623289,
       30.437478177184403
      ],
      [
       -97.66232968624747,
       30.437484303651882
      ],
      [
       -97.66230836899341,
       30.43746459415579
      ]
     ]
    ]
   }
  },
  {
   "type": "Feature",
   "properties": {
    "id": "34-D3",
    "lot": 34,
    "space": "D3",
    "status": "unowned",
    "color": "white"
   },
   "geometry": {
    "type": "Polygon",
    "coordinates": [
     [
      [
       -97.66231598897882,
       30.43745846768831
      ],
      [
       -97.66232360896423,
       30.43745234122083
      ],
      [
       -97.6623449262183,
       30.43747205071692
      ],
      [
       -97.66233730623289,
       30.437478177184403
      ],
      [
       -97.66231598897882,
       30.43745846768831
      ]
     ]
    ]
   }
  },
  {
   "type": "Feature",
   "properties": {
    "id": "34-D4",
    "lot": 34,
    "space": "D4",
    "status": "unowned",
    "color": "white"
   },
   "geometry": {
    "type": "Polygon",
    "coordinates": [
     [
      [
       -97.66232360896423,
       30.43745234122083
      ],
      [
       -97.66233122894965,
       30.437446214753347
      ],
      [
       -97.6623525462037,
       30.437465924249437
      ],
      [
       -97.6623449262183,
       30.43747205071692
      ],
      [
       -97.66232360896423,
       30.43745234122083
      ]
     ]
    ]
   }
  },
  {
   "type": "Feature",
   "properties": {
    "id": "35-A1",
    "lot": 35,
    "space": "A1",
    "status": "other",
    "color": "darkgray"
   },
   "geometry": {
    "type": "Polygon",
    "coordinates": [
     [
      [
       -97.6621879483862,
       30.43752456374535
      ],
      [
       -97.66219556837162,
       30.437518437277866
      ],
      [
       -97.66221688562568,
       30.437538146773957
      ],
      [
       -97.66220926564027,
       30.43754427324144
      ],
      [
       -97.6621879483862,
       30.43752456374535
      ]
     ]
    ]
   }
  },
  {
   "type": "Feature",
   "properties": {
    "id": "35-A2",
    "lot": 35,
    "space": "A2",
    "status": "other",
    "color": "darkgray"
   },
   "geometry": {
    "type": "Polygon",
    "coordinates": [
     [
      [
       -97.66219556837162,
       30.437518437277866
      ],
      [
       -97.66220318835704,
       30.437512310810384
      ],
      [
       -97.66222450561109,
       30.437532020306477
      ],
      [
       -97.66221688562568,
       30.437538146773957
      ],
      [
       -97.66219556837162,
       30.437518437277866
      ]
     ]
    ]
   }
  },
  {
   "type": "Feature",
   "properties": {
    "id": "35-A3",
    "lot": 35,
    "space": "A3",
    "status": "other",
    "color": "darkgray"
   },
   "geometry": {
    "type": "Polygon",
    "coordinates": [
     [
      [
       -97.66220318835704,
       30.437512310810384
      ],
      [
       -97.66221080834245,
       30.437506184342904
      ],
      [
       -97.6622321255965,
       30.437525893838995
      ],
      [
       -97.66222450561109,
       30.437532020306477
      ],
      [
       -97.66220318835704,
       30.437512310810384
      ]
     ]
    ]
   }
  },
  {
   "type": "Feature",
   "properties": {
    "id": "35-A4",
    "lot": 35,
    "space": "A4",
    "status": "other",
    "color": "darkgray"
   },
   "geometry": {
    "type": "Polygon",
    "coordinates": [
     [
      [
       -97.66221080834245,
       30.437506184342904
      ],
      [
       -97.66221842832786,
       30.437500057875422
      ],
      [
       -97.66223974558191,
       30.437519767371512
      ],
      [
       -97.6622321255965,
       30.437525893838995
      ],
      [
       -97.66221080834245,
       30.437506184342904
      ]
     ]
    ]
   }
  },
  {
   "type": "Feature",
   "properties": {
    "id": "35-B1",
    "lot": 35,
    "space": "B1",
    "status": "unusable",
    "color": "green"
   },
   "geometry": {
    "type": "Polygon",
    "coordinates": [
     [
      [
       -97.66221842832786,
       30.437500057875422
      ],
      [
       -97.66222604831327,
       30.43749393140794
      ],
      [
       -97.66224736556734,
       30.437513640904033
      ],
      [
       -97.66223974558191,
       30.437519767371512
      ],
      [
       -97.66221842832786,
       30.437500057875422
      ]
     ]
    ]
   }
  },
  {
   "type": "Feature",
   "properties": {
    "id": "35-B2",
    "lot": 35,
    "space": "B2",
    "status": "buried",
    "color": "red"
   },
   "geometry": {
    "type": "Polygon",
    "coordinates": [
     [
      [
       -97.66222604831327,
       30.43749393140794
      ],
      [
       -97.66223366829868,
       30.43748780494046
      ],
      [
       -97.66225498555275,
       30.43750751443655
      ],
      [
       -97.66224736556734,
       30.437513640904033
      ],
      [
       -97.66222604831327,
       30.43749393140794
      ]
     ]
    ]
   }
  },
  {
   "type": "Feature",
   "properties": {
    "id": "35-B3",
    "lot": 35,
    "space": "B3",
    "status": "buried",
    "color": "red"
   },
   "geometry": {
    "type": "Polygon",
    "coordinates": [
     [
      [
       -97.66223366829868,
       30.43748780494046
      ],
      [
       -97.6622412882841,
       30.437481678472977
      ],
      [
       -97.66226260553816,
       30.437501387969068
      ],
      [
       -97.66225498555275,
       30.43750751443655
      ],
      [
       -97.66223366829868,
       30.43748780494046
      ]
     ]
    ]
   }
  },
  {
   "type": "Feature",
   "properties": {
    "id": "35-B4",
    "lot": 35,
    "space": "B4",
    "status": "buried",
    "color": "red"
   },
   "geometry": {
    "type": "Polygon",
    "coordinates": [
     [
      [
       -97.6622412882841,
       30.437481678472977
      ],
      [
       -97.6622489082695,
       30.437475552005495
      ],
      [
       -97.66227022552357,
       30.437495261501585
      ],
      [
       -97.66226260553816,
       30.437501387969068
      ],
      [
       -97.6622412882841,
       30.437481678472977
      ]
     ]
    ]
   }
  },
  {
   "type": "Feature",
   "properties": {
    "id": "35-C1",
    "lot": 35,
    "space": "C1",
    "status": "other",
    "color": "darkgray"
   },
   "geometry": {
    "type": "Polygon",
    "coordinates": [
     [
      [
       -97.66220926564027,
       30.43754427324144
      ],
      [
       -97.66221688562568,
       30.437538146773957
      ],
      [
       -97.66223820287975,
       30.43755785627005
      ],
      [
       -97.66223058289432,
       30.43756398273753
      ],
      [
       -97.66220926564027,
       30.43754427324144
      ]
     ]
    ]
   }
  },
  {
   "type": "Feature",
   "properties": {
    "id": "35-C2",
    "lot": 35,
    "space": "C2",
    "status": "other",
    "color": "darkgray"
   },
   "geometry": {
    "type": "Polygon",
    "coordinates": [
     [
      [
       -97.66221688562568,
       30.437538146773957
      ],
      [
       -97.66222450561109,
       30.437532020306477
      ],
      [
       -97.66224582286516,
       30.437551729802568
      ],
      [
       -97.66223820287975,
       30.43755785627005
      ],
      [
       -97.66221688562568,
       30.437538146773957
      ]
     ]
    ]
   }
  },
  {
   "type": "Feature",
   "properties": {
    "id": "35-C3",
    "lot": 35,
    "space": "C3",
    "status": "other",
    "color": "darkgray"
   },
   "geometry": {
    "type": "Polygon",
    "coordinates": [
     [
      [
       -97.66222450561109,
       30.437532020306477
      ],
      [
       -97.6622321255965,
       30.437525893838995
      ],
      [
       -97.66225344285057,
       30.437545603335085
      ],
      [
       -97.66224582286516,
       30.437551729802568
      ],
      [
       -97.66222450561109,
       30.437532020306477
      ]
     ]
    ]
   }
  },
  {
   "type": "Feature",
   "properties": {
    "id": "35-C4",
    "lot": 35,
    "space": "C4",
    "status": "other",
    "color": "darkgray"
   },
   "geometry": {
    "type": "Polygon",
    "coordinates": [
     [
      [
       -97.6622321255965,
       30.437525893838995
      ],
      [
       -97.66223974558191,
       30.437519767371512
      ],
      [
       -97.66226106283598,
       30.437539476867602
      ],
      [
       -97.66225344285057,
       30.437545603335085
      ],
      [
       -97.6622321255965,
       30.437525893838995
      ]
     ]
    ]
   }
  },
  {
   "type": "Feature",
   "properties": {
    "id": "35-D1",
    "lot": 35,
    "space": "D1",
    "status": "unusable",
    "color": "green"
   },
   "geometry": {
    "type": "Polygon",
    "coordinates": [
     [
      [
       -97.66223974558191,
       30.437519767371512
      ],
      [
       -97.66224736556734,
       30.437513640904033
      ],
      [
       -97.66226868282139,
       30.437533350400123
      ],
      [
       -97.66226106283598,
       30.437539476867602
      ],
      [
       -97.66223974558191,
       30.437519767371512
      ]
     ]
    ]
   }
  },
  {
   "type": "Feature",
   "properties": {
    "id": "35-D2",
    "lot": 35,
    "space": "D2",
    "status": "buried",
    "color": "red"
   },
   "geometry": {
    "type": "Polygon",
    "coordinates": [
     [
      [
       -97.66224736556734,
       30.437513640904033
      ],
      [
       -97.66225498555275,
       30.43750751443655
      ],
      [
       -97.6622763028068,
       30.43752722393264
      ],
      [
       -97.66226868282139,
       30.437533350400123
      ],
      [
       -97.66224736556734,
       30.437513640904033
      ]
     ]
    ]
   }
  },
  {
   "type": "Feature",
   "properties": {
    "id": "35-D3",
    "lot": 35,
    "space": "D3",
    "status": "occupied",
    "color": "darkblue",
    "person": {
     "name": "SHIRAZEE, Farooq",
     "burial": "2018-01-05"
    }
   },
   "geometry": {
    "type": "Polygon",
    "coordinates": [
     [
      [
       -97.66225498555275,
       30.43750751443655
      ],
      [
       -97.66226260553816,
       30.437501387969068
      ],
      [
       -97.66228392279223,
       30.437521097465158
      ],
      [
       -97.6622763028068,
       30.43752722393264
      ],
      [
       -97.66225498555275,
       30.43750751443655
      ]
     ]
    ]
   }
  },
  {
   "type": "Feature",
   "properties": {
    "id": "35-D4",
    "lot": 35,
    "space": "D4",
    "status": "vacant",
    "color": "lightblue",
    "owner": "SHIRAZEE, Razia"
   },
   "geometry": {
    "type": "Polygon",
    "coordinates": [
     [
      [
       -97.66226260553816,
       30.437501387969068
      ],
      [
       -97.66227022552357,
       30.437495261501585
      ],
      [
       -97.66229154277764,
       30.43751497099768
      ],
      [
       -97.66228392279223,
       30.437521097465158
      ],
      [
       -97.66226260553816,
       30.437501387969068
      ]
     ]
    ]
   }
  },
  {
   "type": "Feature",
   "properties": {
    "id": "36-A1",
    "lot": 36,
    "space": "A1",
    "status": "other",
    "color": "darkgray"
   },
   "geometry": {
    "type": "Polygon",
    "coordinates": [
     [
      [
       -97.66212628052646,
       30.43757307143898
      ],
      [
       -97.66213390051188,
       30.4375669449715
      ],
      [
       -97.66215521776594,
       30.43758665446759
      ],
      [
       -97.66214759778052,
       30.43759278093507
      ],
      [
       -97.66212628052646,
       30.43757307143898
      ]
     ]
    ]
   }
  },
  {
   "type": "Feature",
   "properties": {
    "id": "36-A2",
    "lot": 36,
    "space": "A2",
    "status": "other",
    "color": "darkgray"
   },
   "geometry": {
    "type": "Polygon",
    "coordinates": [
     [
      [
       -97.66213390051188,
       30.4375669449715
      ],
      [
       -97.66214152049729,
       30.437560818504018
      ],
      [
       -97.66216283775135,
       30.437580528000108
      ],
      [
       -97.66215521776594,
       30.43758665446759
      ],
      [
       -97.66213390051188,
       30.4375669449715
      ]
     ]
    ]
   }
  },
  {
   "type": "Feature",
   "properties": {
    "id": "36-A3",
    "lot": 36,
    "space": "A3",
    "status": "other",
    "color": "darkgray"
   },
   "geometry": {
    "type": "Polygon",
    "coordinates": [
     [
      [
       -97.66214152049729,
       30.437560818504018
      ],
      [
       -97.6621491404827,
       30.437554692036535
      ],
      [
       -97.66217045773676,
       30.437574401532626
      ],
      [
       -97.66216283775135,
       30.437580528000108
      ],
      [
       -97.66214152049729,
       30.437560818504018
      ]
     ]
    ]
   }
  },
  {
   "type": "Feature",
   "properties": {
    "id": "36-A4",
    "lot": 36,
    "space": "A4",
    "status": "other",
    "color": "darkgray"
   },
   "geometry": {
    "type": "Polygon",
    "coordinates": [
     [
      [
       -97.6621491404827,
       30.437554692036535
      ],
      [
       -97.66215676046811,
       30.437548565569053
      ],
      [
       -97.66217807772217,
       30.437568275065146
      ],
      [
       -97.66217045773676,
       30.437574401532626
      ],
      [
       -97.6621491404827,
       30.437554692036535
      ]
     ]
    ]
   }
  },
  {
   "type": "Feature",
   "properties": {
    "id": "36-B1",
    "lot": 36,
    "space": "B1",
    "status": "other",
    "color": "darkgray"
   },
   "geometry": {
    "type": "Polygon",
    "coordinates": [
     [
      [
       -97.66215676046811,
       30.437548565569053
      ],
      [
       -97.66216438045353,
       30.437542439101573
      ],
      [
       -97.66218569770759,
       30.437562148597664
      ],
      [
       -97.66217807772217,
       30.437568275065146
      ],
      [
       -97.66215676046811,
       30.437548565569053
      ]
     ]
    ]
   }
  },
  {
   "type": "Feature",
   "properties": {
    "id": "36-B2",
    "lot": 36,
    "space": "B2",
    "status": "other",
    "color": "darkgray"
   },
   "geometry": {
    "type": "Polygon",
    "coordinates": [
     [
      [
       -97.66216438045353,
       30.437542439101573
      ],
      [
       -97.66217200043894,
       30.43753631263409
      ],
      [
       -97.662193317693,
       30.43755602213018
      ],
      [
       -97.66218569770759,
       30.437562148597664
      ],
      [
       -97.66216438045353,
       30.437542439101573
      ]
     ]
    ]
   }
  },
  {
   "type": "Feature",
   "properties": {
    "id": "36-B3",
    "lot": 36,
    "space": "B3",
    "status": "other",
    "color": "darkgray"
   },
   "geometry": {
    "type": "Polygon",
    "coordinates": [
     [
      [
       -97.66217200043894,
       30.43753631263409
      ],
      [
       -97.66217962042435,
       30.437530186166608
      ],
      [
       -97.6622009376784,
       30.4375498956627
      ],
      [
       -97.662193317693,
       30.43755602213018
      ],
      [
       -97.66217200043894,
       30.43753631263409
      ]
     ]
    ]
   }
  },
  {
   "type": "Feature",
   "properties": {
    "id": "36-B4",
    "lot": 36,
    "space": "B4",
    "status": "other",
    "color": "darkgray"
   },
   "geometry": {
    "type": "Polygon",
    "coordinates": [
     [
      [
       -97.66217962042435,
       30.437530186166608
      ],
      [
       -97.66218724040976,
       30.437524059699125
      ],
      [
       -97.66220855766383,
       30.43754376919522
      ],
      [
       -97.6622009376784,
       30.4375498956627
      ],
      [
       -97.66217962042435,
       30.437530186166608
      ]
     ]
    ]
   }
  },
  {
   "type": "Feature",
   "properties": {
    "id": "36-C1",
    "lot": 36,
    "space": "C1",
    "status": "other",
    "color": "darkgray"
   },
   "geometry": {
    "type": "Polygon",
    "coordinates": [
     [
      [
       -97.66214759778052,
       30.43759278093507
      ],
      [
       -97.66215521776594,
       30.43758665446759
      ],
      [
       -97.66217653502,
       30.43760636396368
      ],
      [
       -97.66216891503458,
       30.437612490431164
      ],
      [
       -97.66214759778052,
       30.43759278093507
      ]
     ]
    ]
   }
  },
  {
   "type": "Feature",
   "properties": {
    "id": "36-C2",
    "lot": 36,
    "space": "C2",
    "status": "other",
    "color": "darkgray"
   },
   "geometry": {
    "type": "Polygon",
    "coordinates": [
     [
      [
       -97.66215521776594,
       30.43758665446759
      ],
      [
       -97.66216283775135,
       30.437580528000108
      ],
      [
       -97.6621841550054,
       30.4376002374962
      ],
      [
       -97.66217653502,
       30.43760636396368
      ],
      [
       -97.66215521776594,
       30.43758665446759
      ]
     ]
    ]
   }
  },
  {
   "type": "Feature",
   "properties": {
    "id": "36-C3",
    "lot": 36,
    "space": "C3",
    "status": "other",
    "color": "darkgray"
   },
   "geometry": {
    "type": "Polygon",
    "coordinates": [
     [
      [
       -97.66216283775135,
       30.437580528000108
      ],
      [
       -97.66217045773676,
       30.437574401532626
      ],
      [
       -97.66219177499082,
       30.437594111028716
      ],
      [
       -97.6621841550054,
       30.4376002374962
      ],
      [
       -97.66216283775135,
       30.437580528000108
      ]
     ]
    ]
   }
  },
  {
   "type": "Feature",
   "properties": {
    "id": "36-C4",
    "lot": 36,
    "space": "C4",
    "status": "other",
    "color": "darkgray"
   },
   "geometry": {
    "type": "Polygon",
    "coordinates": [
     [
      [
       -97.66217045773676,
       30.437574401532626
      ],
      [
       -97.66217807772217,
       30.437568275065146
      ],
      [
       -97.66219939497624,
       30.437587984561237
      ],
      [
       -97.66219177499082,
       30.437594111028716
      ],
      [
       -97.66217045773676,
       30.437574401532626
      ]
     ]
    ]
   }
  },
  {
   "type": "Feature",
   "properties": {
    "id": "36-D1",
    "lot": 36,
    "space": "D1",
    "status": "other",
    "color": "darkgray"
   },
   "geometry": {
    "type": "Polygon",
    "coordinates": [
     [
      [
       -97.66217807772217,
       30.437568275065146
      ],
      [
       -97.66218569770759,
       30.437562148597664
      ],
      [
       -97.66220701496165,
       30.437581858093754
      ],
      [
       -97.66219939497624,
       30.437587984561237
      ],
      [
       -97.66217807772217,
       30.437568275065146
      ]
     ]
    ]
   }
  },
  {
   "type": "Feature",
   "properties": {
    "id": "36-D2",
    "lot": 36,
    "space": "D2",
    "status": "other",
    "color": "darkgray"
   },
   "geometry": {
    "type": "Polygon",
    "coordinates": [
     [
      [
       -97.66218569770759,
       30.437562148597664
      ],
      [
       -97.662193317693,
       30.43755602213018
      ],
      [
       -97.66221463494706,
       30.43757573162627
      ],
      [
       -97.66220701496165,
       30.437581858093754
      ],
      [
       -97.66218569770759,
       30.437562148597664
      ]
     ]
    ]
   }
  },
  {
   "type": "Feature",
   "properties": {
    "id": "36-D3",
    "lot": 36,
    "space": "D3",
    "status": "other",
    "color": "darkgray"
   },
   "geometry": {
    "type": "Polygon",
    "coordinates": [
     [
      [
       -97.662193317693,
       30.43755602213018
      ],
      [
       -97.6622009376784,
       30.4375498956627
      ],
      [
       -97.66222225493247,
       30.437569605158792
      ],
      [
       -97.66221463494706,
       30.43757573162627
      ],
      [
       -97.662193317693,
       30.43755602213018
      ]
     ]
    ]
   }
  },
  {
   "type": "Feature",
   "properties": {
    "id": "36-D4",
    "lot": 36,
    "space": "D4",
    "status": "other",
    "color": "darkgray"
   },
   "geometry": {
    "type": "Polygon",
    "coordinates": [
     [
      [
       -97.6622009376784,
       30.4375498956627
      ],
      [
       -97.66220855766383,
       30.43754376919522
      ],
      [
       -97.66222987491788,
       30.43756347869131
      ],
      [
       -97.66222225493247,
       30.437569605158792
      ],
      [
       -97.6622009376784,
       30.4375498956627
      ]
     ]
    ]
   }
  },
  {
   "type": "Feature",
   "properties": {
    "id": "47-A1",
    "lot": 47,
    "space": "A1",
    "status": "unowned",
    "color": "white"
   },
   "geometry": {
    "type": "Polygon",
    "coordinates": [
     [
      [
       -97.6621769486751,
       30.436973523958372
      ],
      [
       -97.6621845686605,
       30.43696739749089
      ],
      [
       -97.66220588591457,
       30.43698710698698
      ],
      [
       -97.66219826592916,
       30.436993233454462
      ],
      [
       -97.6621769486751,
       30.436973523958372
      ]
     ]
    ]
   }
  },
  {
   "type": "Feature",
   "properties": {
    "id": "47-A2",
    "lot": 47,
    "space": "A2",
    "status": "unowned",
    "color": "white"
   },
   "geometry": {
    "type": "Polygon",
    "coordinates": [
     [
      [
       -97.6621845686605,
       30.43696739749089
      ],
      [
       -97.66219218864593,
       30.43696127102341
      ],
      [
       -97.66221350589998,
       30.4369809805195
      ],
      [
       -97.66220588591457,
       30.43698710698698
      ],
      [
       -97.6621845686605,
       30.43696739749089
      ]
     ]
    ]
   }
  },
  {
   "type": "Feature",
   "properties": {
    "id": "47-A3",
    "lot": 47,
    "space": "A3",
    "status": "vacant",
    "color": "lightblue",
    "owner": "TABATABAI, Kasim"
   },
   "geometry": {
    "type": "Polygon",
    "coordinates": [
     [
      [
       -97.66219218864593,
       30.43696127102341
      ],
      [
       -97.66219980863134,
       30.436955144555927
      ],
      [
       -97.6622211258854,
       30.436974854052018
      ],
      [
       -97.66221350589998,
       30.4369809805195
      ],
      [
       -97.66219218864593,
       30.43696127102341
      ]
     ]
    ]
   }
  },
  {
   "type": "Feature",
   "properties": {
    "id": "47-A4",
    "lot": 47,
    "space": "A4",
    "status": "vacant",
    "color": "lightblue",
    "owner": "TABATABAI, Kasim"
   },
   "geometry": {
    "type": "Polygon",
    "coordinates": [
     [
      [
       -97.66219980863134,
       30.436955144555927
      ],
      [
       -97.66220742861675,
       30.436949018088445
      ],
      [
       -97.6622287458708,
       30.436968727584535
      ],
      [
       -97.6622211258854,
       30.436974854052018
      ],
      [
       -97.66219980863134,
       30.436955144555927
      ]
     ]
    ]
   }
  },
  {
   "type": "Feature",
   "properties": {
    "id": "47-B1",
    "lot": 47,
    "space": "B1",
    "status": "buried",
    "color": "red"
   },
   "geometry": {
    "type": "Polygon",
    "coordinates": [
     [
      [
       -97.66220742861675,
       30.436949018088445
      ],
      [
       -97.66221504860216,
       30.436942891620962
      ],
      [
       -97.66223636585623,
       30.436962601117056
      ],
      [
       -97.6622287458708,
       30.436968727584535
      ],
      [
       -97.66220742861675,
       30.436949018088445
      ]
     ]
    ]
   }
  },
  {
   "type": "Feature",
   "properties": {
    "id": "47-B2",
    "lot": 47,
    "space": "B2",
    "status": "buried",
    "color": "red"
   },
   "geometry": {
    "type": "Polygon",
    "coordinates": [
     [
      [
       -97.66221504860216,
       30.436942891620962
      ],
      [
       -97.66222266858757,
       30.436936765153483
      ],
      [
       -97.66224398584164,
       30.436956474649573
      ],
      [
       -97.66223636585623,
       30.436962601117056
      ],
      [
       -97.66221504860216,
       30.436942891620962
      ]
     ]
    ]
   }
  },
  {
   "type": "Feature",
   "properties": {
    "id": "47-B3",
    "lot": 47,
    "space": "B3",
    "status": "unowned",
    "color": "white"
   },
   "geometry": {
    "type": "Polygon",
    "coordinates": [
     [
      [
       -97.66222266858757,
       30.436936765153483
      ],
      [
       -97.66223028857299,
       30.436930638686
      ],
      [
       -97.66225160582705,
       30.43695034818209
      ],
      [
       -97.66224398584164,
       30.436956474649573
      ],
      [
       -97.66222266858757,
       30.436936765153483
      ]
     ]
    ]
   }
  },
  {
   "type": "Feature",
   "properties": {
    "id": "47-B4",
    "lot": 47,
    "space": "B4",
    "status": "buried",
    "color": "red"
   },
   "geometry": {
    "type": "Polygon",
    "coordinates": [
     [
      [
       -97.66223028857299,
       30.436930638686
      ],
      [
       -97.6622379085584,
       30.436924512218518
      ],
      [
       -97.66225922581246,
       30.436944221714608
      ],
      [
       -97.66225160582705,
       30.43695034818209
      ],
      [
       -97.66223028857299,
       30.436930638686
      ]
     ]
    ]
   }
  },
  {
   "type": "Feature",
   "properties": {
    "id": "47-C1",
    "lot": 47,
    "space": "C1",
    "status": "buried",
    "color": "red"
   },
   "geometry": {
    "type": "Polygon",
    "coordinates": [
     [
      [
       -97.66219826592916,
       30.436993233454462
      ],
      [
       -97.66220588591457,
       30.43698710698698
      ],
      [
       -97.66222720316864,
       30.437006816483073
      ],
      [
       -97.66221958318322,
       30.437012942950552
      ],
      [
       -97.66219826592916,
       30.436993233454462
      ]
     ]
    ]
   }
  },
  {
   "type": "Feature",
   "properties": {
    "id": "47-C2",
    "lot": 47,
    "space": "C2",
    "status": "unowned",
    "color": "white"
   },
   "geometry": {
    "type": "Polygon",
    "coordinates": [
     [
      [
       -97.66220588591457,
       30.43698710698698
      ],
      [
       -97.66221350589998,
       30.4369809805195
      ],
      [
       -97.66223482315405,
       30.43700069001559
      ],
      [
       -97.66222720316864,
       30.437006816483073
      ],
      [
       -97.66220588591457,
       30.43698710698698
      ]
     ]
    ]
   }
  },
  {
   "type": "Feature",
   "properties": {
    "id": "47-C3",
    "lot": 47,
    "space": "C3",
    "status": "unowned",
    "color": "white"
   },
   "geometry": {
    "type": "Polygon",
    "coordinates": [
     [
      [
       -97.66221350589998,
       30.4369809805195
      ],
      [
       -97.6622211258854,
       30.436974854052018
      ],
      [
       -97.66224244313946,
       30.436994563548108
      ],
      [
       -97.66223482315405,
       30.43700069001559
      ],
      [
       -97.66221350589998,
       30.4369809805195
      ]
     ]
    ]
   }
  },
  {
   "type": "Feature",
   "properties": {
    "id": "47-C4",
    "lot": 47,
    "space": "C4",
    "status": "unowned",
    "color": "white"
   },
   "geometry": {
    "type": "Polygon",
    "coordinates": [
     [
      [
       -97.6622211258854,
       30.436974854052018
      ],
      [
       -97.6622287458708,
       30.436968727584535
      ],
      [
       -97.66225006312487,
       30.436988437080625
      ],
      [
       -97.66224244313946,
       30.436994563548108
      ],
      [
       -97.6622211258854,
       30.436974854052018
      ]
     ]
    ]
   }
  },
  {
   "type": "Feature",
   "properties": {
    "id": "47-D1",
    "lot": 47,
    "space": "D1",
    "status": "buried",
    "color": "red"
   },
   "geometry": {
    "type": "Polygon",
    "coordinates": [
     [
      [
       -97.6622287458708,
       30.436968727584535
      ],
      [
       -97.66223636585623,
       30.436962601117056
      ],
      [
       -97.66225768311028,
       30.436982310613146
      ],
      [
       -97.66225006312487,
       30.436988437080625
      ],
      [
       -97.6622287458708,
       30.436968727584535
      ]
     ]
    ]
   }
  },
  {
   "type": "Feature",
   "properties": {
    "id": "47-D2",
    "lot": 47,
    "space": "D2",
    "status": "unowned",
    "color": "white"
   },
   "geometry": {
    "type": "Polygon",
    "coordinates": [
     [
      [
       -97.66223636585623,
       30.436962601117056
      ],
      [
       -97.66224398584164,
       30.436956474649573
      ],
      [
       -97.6622653030957,
       30.436976184145664
      ],
      [
       -97.66225768311028,
       30.436982310613146
      ],
      [
       -97.66223636585623,
       30.436962601117056
      ]
     ]
    ]
   }
  },
  {
   "type": "Feature",
   "properties": {
    "id": "47-D3",
    "lot": 47,
    "space": "D3",
    "status": "unowned",
    "color": "white"
   },
   "geometry": {
    "type": "Polygon",
    "coordinates": [
     [
      [
       -97.66224398584164,
       30.436956474649573
      ],
      [
       -97.66225160582705,
       30.43695034818209
      ],
      [
       -97.66227292308112,
       30.43697005767818
      ],
      [
       -97.6622653030957,
       30.436976184145664
      ],
      [
       -97.66224398584164,
       30.436956474649573
      ]
     ]
    ]
   }
  },
  {
   "type": "Feature",
   "properties": {
    "id": "47-D4",
    "lot": 47,
    "space": "D4",
    "status": "unowned",
    "color": "white"
   },
   "geometry": {
    "type": "Polygon",
    "coordinates": [
     [
      [
       -97.66225160582705,
       30.43695034818209
      ],
      [
       -97.66225922581246,
       30.436944221714608
      ],
      [
       -97.66228054306653,
       30.436963931210702
      ],
      [
       -97.66227292308112,
       30.43697005767818
      ],
      [
       -97.66225160582705,
       30.43695034818209
      ]
     ]
    ]
   }
  },
  {
   "type": "Feature",
   "properties": {
    "id": "48-A1",
    "lot": 48,
    "space": "A1",
    "status": "occupied",
    "color": "darkblue",
    "person": {
     "name": "SHARAFUDDIN, Essam",
     "burial": "2020-05-10"
    }
   },
   "geometry": {
    "type": "Polygon",
    "coordinates": [
     [
      [
       -97.66211523203292,
       30.43702260750268
      ],
      [
       -97.66212285201833,
       30.4370164810352
      ],
      [
       -97.6621441692724,
       30.43703619053129
      ],
      [
       -97.66213654928698,
       30.437042316998774
      ],
      [
       -97.66211523203292,
       30.43702260750268
      ]
     ]
    ]
   }
  },
  {
   "type": "Feature",
   "properties": {
    "id": "48-A2",
    "lot": 48,
    "space": "A2",
    "status": "unowned",
    "color": "white"
   },
   "geometry": {
    "type": "Polygon",
    "coordinates": [
     [
      [
       -97.66212285201833,
       30.4370164810352
      ],
      [
       -97.66213047200374,
       30.437010354567718
      ],
      [
       -97.6621517892578,
       30.43703006406381
      ],
      [
       -97.6621441692724,
       30.43703619053129
      ],
      [
       -97.66212285201833,
       30.4370164810352
      ]
     ]
    ]
   }
  },
  {
   "type": "Feature",
   "properties": {
    "id": "48-A3",
    "lot": 48,
    "space": "A3",
    "status": "unowned",
    "color": "white"
   },
   "geometry": {
    "type": "Polygon",
    "coordinates": [
     [
      [
       -97.66213047200374,
       30.437010354567718
      ],
      [
       -97.66213809198915,
       30.437004228100236
      ],
      [
       -97.66215940924322,
       30.437023937596326
      ],
      [
       -97.6621517892578,
       30.43703006406381
      ],
      [
       -97.66213047200374,
       30.437010354567718
      ]
     ]
    ]
   }
  },
  {
   "type": "Feature",
   "properties": {
    "id": "48-A4",
    "lot": 48,
    "space": "A4",
    "status": "buried",
    "color": "red"
   },
   "geometry": {
    "type": "Polygon",
    "coordinates": [
     [
      [
       -97.66213809198915,
       30.437004228100236
      ],
      [
       -97.66214571197457,
       30.436998101632753
      ],
      [
       -97.66216702922863,
       30.437017811128847
      ],
      [
       -97.66215940924322,
       30.437023937596326
      ],
      [
       -97.66213809198915,
       30.437004228100236
      ]
     ]
    ]
   }
  },
  {
   "type": "Feature",
   "properties": {
    "id": "48-B1",
    "lot": 48,
    "space": "B1",
    "status": "buried",
    "color": "red"
   },
   "geometry": {
    "type": "Polygon",
    "coordinates": [
     [
      [
       -97.66214571197457,
       30.436998101632753
      ],
      [
       -97.66215333195998,
       30.436991975165274
      ],
      [
       -97.66217464921404,
       30.437011684661364
      ],
      [
       -97.66216702922863,
       30.437017811128847
      ],
      [
       -97.66214571197457,
       30.436998101632753
      ]
     ]
    ]
   }
  },
  {
   "type": "Feature",
   "properties": {
    "id": "48-B2",
    "lot": 48,
    "space": "B2",
    "status": "unowned",
    "color": "white"
   },
   "geometry": {
    "type": "Polygon",
    "coordinates": [
     [
      [
       -97.66215333195998,
       30.436991975165274
      ],
      [
       -97.6621609519454,
       30.43698584869779
      ],
      [
       -97.66218226919946,
       30.43700555819388
      ],
      [
       -97.66217464921404,
       30.437011684661364
      ],
      [
       -97.66215333195998,
       30.436991975165274
      ]
     ]
    ]
   }
  },
  {
   "type": "Feature",
   "properties": {
    "id": "48-B3",
    "lot": 48,
    "space": "B3",
    "status": "unowned",
    "color": "white"
   },
   "geometry": {
    "type": "Polygon",
    "coordinates": [
     [
      [
       -97.6621609519454,
       30.43698584869779
      ],
      [
       -97.6621685719308,
       30.43697972223031
      ],
      [
       -97.66218988918487,
       30.436999431726402
      ],
      [
       -97.66218226919946,
       30.43700555819388
      ],
      [
       -97.6621609519454,
       30.43698584869779
      ]
     ]
    ]
   }
  },
  {
   "type": "Feature",
   "properties": {
    "id": "48-B4",
    "lot": 48,
    "space": "B4",
    "status": "buried",
    "color": "red"
   },
   "geometry": {
    "type": "Polygon",
    "coordinates": [
     [
      [
       -97.6621685719308,
       30.43697972223031
      ],
      [
       -97.66217619191622,
       30.43697359576283
      ],
      [
       -97.66219750917028,
       30.43699330525892
      ],
      [
       -97.66218988918487,
       30.436999431726402
      ],
      [
       -97.6621685719308,
       30.43697972223031
      ]
     ]
    ]
   }
  },
  {
   "type": "Feature",
   "properties": {
    "id": "48-C1",
    "lot": 48,
    "space": "C1",
    "status": "buried",
    "color": "red"
   },
   "geometry": {
    "type": "Polygon",
    "coordinates": [
     [
      [
       -97.66213654928698,
       30.437042316998774
      ],
      [
       -97.6621441692724,
       30.43703619053129
      ],
      [
       -97.66216548652645,
       30.43705590002738
      ],
      [
       -97.66215786654104,
       30.437062026494864
      ],
      [
       -97.66213654928698,
       30.437042316998774
      ]
     ]
    ]
   }
  },
  {
   "type": "Feature",
   "properties": {
    "id": "48-C2",
    "lot": 48,
    "space": "C2",
    "status": "buried",
    "color": "red"
   },
   "geometry": {
    "type": "Polygon",
    "coordinates": [
     [
      [
       -97.6621441692724,
       30.43703619053129
      ],
      [
       -97.6621517892578,
       30.43703006406381
      ],
      [
       -97.66217310651187,
       30.4370497735599
      ],
      [
       -97.66216548652645,
       30.43705590002738
      ],
      [
       -97.6621441692724,
       30.43703619053129
      ]
     ]
    ]
   }
  },
  {
   "type": "Feature",
   "properties": {
    "id": "48-C3",
    "lot": 48,
    "space": "C3",
    "status": "vacant",
    "color": "lightblue",
    "owner": "SHARAFUDDIN, Essam"
   },
   "geometry": {
    "type": "Polygon",
    "coordinates": [
     [
      [
       -97.6621517892578,
       30.43703006406381
      ],
      [
       -97.66215940924322,
       30.437023937596326
      ],
      [
       -97.66218072649728,
       30.43704364709242
      ],
      [
       -97.66217310651187,
       30.4370497735599
      ],
      [
       -97.6621517892578,
       30.43703006406381
      ]
     ]
    ]
   }
  },
  {
   "type": "Feature",
   "properties": {
    "id": "48-C4",
    "lot": 48,
    "space": "C4",
    "status": "buried",
    "color": "red"
   },
   "geometry": {
    "type": "Polygon",
    "coordinates": [
     [
      [
       -97.66215940924322,
       30.437023937596326
      ],
      [
       -97.66216702922863,
       30.437017811128847
      ],
      [
       -97.6621883464827,
       30.437037520624937
      ],
      [
       -97.66218072649728,
       30.43704364709242
      ],
      [
       -97.66215940924322,
       30.437023937596326
      ]
     ]
    ]
   }
  },
  {
   "type": "Feature",
   "properties": {
    "id": "48-D1",
    "lot": 48,
    "space": "D1",
    "status": "vacant",
    "color": "lightblue",
    "owner": "SAGHAFI, Reza"
   },
   "geometry": {
    "type": "Polygon",
    "coordinates": [
     [
      [
       -97.66216702922863,
       30.437017811128847
      ],
      [
       -97.66217464921404,
       30.437011684661364
      ],
      [
       -97.6621959664681,
       30.437031394157454
      ],
      [
       -97.6621883464827,
       30.437037520624937
      ],
      [
       -97.66216702922863,
       30.437017811128847
      ]
     ]
    ]
   }
  },
  {
   "type": "Feature",
   "properties": {
    "id": "48-D2",
    "lot": 48,
    "space": "D2",
    "status": "vacant",
    "color": "lightblue",
    "owner": "SAGHAFI, Reza"
   },
   "geometry": {
    "type": "Polygon",
    "coordinates": [
     [
      [
       -97.66217464921404,
       30.437011684661364
      ],
      [
       -97.66218226919946,
       30.43700555819388
      ],
      [
       -97.66220358645351,
       30.43702526768997
      ],
      [
       -97.6621959664681,
       30.437031394157454
      ],
      [
       -97.66217464921404,
       30.437011684661364
      ]
     ]
    ]
   }
  },
  {
   "type": "Feature",
   "properties": {
    "id": "48-D3",
    "lot": 48,
    "space": "D3",
    "status": "occupied",
    "color": "darkblue",
    "person": {
     "name": "AKHAVIPOUR, Saeideh",
     "burial": "2022-12-17"
    }
   },
   "geometry": {
    "type": "Polygon",
    "coordinates": [
     [
      [
       -97.66218226919946,
       30.43700555819388
      ],
      [
       -97.66218988918487,
       30.436999431726402
      ],
      [
       -97.66221120643893,
       30.437019141222493
      ],
      [
       -97.66220358645351,
       30.43702526768997
      ],
      [
       -97.66218226919946,
       30.43700555819388
      ]
     ]
    ]
   }
  },
  {
   "type": "Feature",
   "properties": {
    "id": "48-D4",
    "lot": 48,
    "space": "D4",
    "status": "vacant",
    "color": "lightblue",
    "owner": "SAGHAFI, Reza"
   },
   "geometry": {
    "type": "Polygon",
    "coordinates": [
     [
      [
       -97.66218988918487,
       30.436999431726402
      ],
      [
       -97.66219750917028,
       30.43699330525892
      ],
      [
       -97.66221882642434,
       30.43701301475501
      ],
      [
       -97.66221120643893,
       30.437019141222493
      ],
      [
       -97.66218988918487,
       30.436999431726402
      ]
     ]
    ]
   }
  },
  {
   "type": "Feature",
   "properties": {
    "id": "49-A1",
    "lot": 49,
    "space": "A1",
    "status": "bohri",
    "color": "gray"
   },
   "geometry": {
    "type": "Polygon",
    "coordinates": [
     [
      [
       -97.66221908230587,
       30.437012987902826
      ],
      [
       -97.66222670229128,
       30.437006861435343
      ],
      [
       -97.66224801954534,
       30.437026570931437
      ],
      [
       -97.66224039955993,
       30.437032697398916
      ],
      [
       -97.66221908230587,
       30.437012987902826
      ]
     ]
    ]
   }
  },
  {
   "type": "Feature",
   "properties": {
    "id": "49-A2",
    "lot": 49,
    "space": "A2",
    "status": "bohri",
    "color": "gray"
   },
   "geometry": {
    "type": "Polygon",
    "coordinates": [
     [
      [
       -97.66222670229128,
       30.437006861435343
      ],
      [
       -97.66223432227669,
       30.437000734967864
      ],
      [
       -97.66225563953076,
       30.437020444463954
      ],
      [
       -97.66224801954534,
       30.437026570931437
      ],
      [
       -97.66222670229128,
       30.437006861435343
      ]
     ]
    ]
   }
  },
  {
   "type": "Feature",
   "properties": {
    "id": "49-A3",
    "lot": 49,
    "space": "A3",
    "status": "bohri",
    "color": "gray"
   },
   "geometry": {
    "type": "Polygon",
    "coordinates": [
     [
      [
       -97.66223432227669,
       30.437000734967864
      ],
      [
       -97.6622419422621,
       30.43699460850038
      ],
      [
       -97.66226325951617,
       30.43701431799647
      ],
      [
       -97.66225563953076,
       30.437020444463954
      ],
      [
       -97.66223432227669,
       30.437000734967864
      ]
     ]
    ]
   }
  },
  {
   "type": "Feature",
   "properties": {
    "id": "49-A4",
    "lot": 49,
    "space": "A4",
    "status": "bohri",
    "color": "gray"
   },
   "geometry": {
    "type": "Polygon",
    "coordinates": [
     [
      [
       -97.6622419422621,
       30.43699460850038
      ],
      [
       -97.66224956224752,
       30.4369884820329
      ],
      [
       -97.66227087950158,
       30.43700819152899
      ],
      [
       -97.66226325951617,
       30.43701431799647
      ],
      [
       -97.6622419422621,
       30.43699460850038
      ]
     ]
    ]
   }
  },
  {
   "type": "Feature",
   "properties": {
    "id": "49-B1",
    "lot": 49,
    "space": "B1",
    "status": "bohri",
    "color": "gray"
   },
   "geometry": {
    "type": "Polygon",
    "coordinates": [
     [
      [
       -97.66224956224752,
       30.4369884820329
      ],
      [
       -97.66225718223293,
       30.436982355565416
      ],
      [
       -97.66227849948699,
       30.43700206506151
      ],
      [
       -97.66227087950158,
       30.43700819152899
      ],
      [
       -97.66224956224752,
       30.4369884820329
      ]
     ]
    ]
   }
  },
  {
   "type": "Feature",
   "properties": {
    "id": "49-B2",
    "lot": 49,
    "space": "B2",
    "status": "bohri",
    "color": "gray"
   },
   "geometry": {
    "type": "Polygon",
    "coordinates": [
     [
      [
       -97.66225718223293,
       30.436982355565416
      ],
      [
       -97.66226480221835,
       30.436976229097937
      ],
      [
       -97.6622861194724,
       30.436995938594027
      ],
      [
       -97.66227849948699,
       30.43700206506151
      ],
      [
       -97.66225718223293,
       30.436982355565416
      ]
     ]
    ]
   }
  },
  {
   "type": "Feature",
   "properties": {
    "id": "49-B3",
    "lot": 49,
    "space": "B3",
    "status": "bohri",
    "color": "gray"
   },
   "geometry": {
    "type": "Polygon",
    "coordinates": [
     [
      [
       -97.66226480221835,
       30.436976229097937
      ],
      [
       -97.66227242220376,
       30.436970102630454
      ],
      [
       -97.66229373945782,
       30.436989812126544
      ],
      [
       -97.6622861194724,
       30.436995938594027
      ],
      [
       -97.66226480221835,
       30.436976229097937
      ]
     ]
    ]
   }
  },
  {
   "type": "Feature",
   "properties": {
    "id": "49-B4",
    "lot": 49,
    "space": "B4",
    "status": "bohri",
    "color": "gray"
   },
   "geometry": {
    "type": "Polygon",
    "coordinates": [
     [
      [
       -97.66227242220376,
       30.436970102630454
      ],
      [
       -97.66228004218917,
       30.43696397616297
      ],
      [
       -97.66230135944323,
       30.43698368565906
      ],
      [
       -97.66229373945782,
       30.436989812126544
      ],
      [
       -97.66227242220376,
       30.436970102630454
      ]
     ]
    ]
   }
  },
  {
   "type": "Feature",
   "properties": {
    "id": "49-C1",
    "lot": 49,
    "space": "C1",
    "status": "bohri",
    "color": "gray"
   },
   "geometry": {
    "type": "Polygon",
    "coordinates": [
     [
      [
       -97.66224039955993,
       30.437032697398916
      ],
      [
       -97.66224801954534,
       30.437026570931437
      ],
      [
       -97.6622693367994,
       30.437046280427527
      ],
      [
       -97.66226171681399,
       30.43705240689501
      ],
      [
       -97.66224039955993,
       30.437032697398916
      ]
     ]
    ]
   }
  },
  {
   "type": "Feature",
   "properties": {
    "id": "49-C2",
    "lot": 49,
    "space": "C2",
    "status": "bohri",
    "color": "gray"
   },
   "geometry": {
    "type": "Polygon",
    "coordinates": [
     [
      [
       -97.66224801954534,
       30.437026570931437
      ],
      [
       -97.66225563953076,
       30.437020444463954
      ],
      [
       -97.66227695678481,
       30.437040153960044
      ],
      [
       -97.6622693367994,
       30.437046280427527
      ],
      [
       -97.66224801954534,
       30.437026570931437
      ]
     ]
    ]
   }
  },
  {
   "type": "Feature",
   "properties": {
    "id": "49-C3",
    "lot": 49,
    "space": "C3",
    "status": "bohri",
    "color": "gray"
   },
   "geometry": {
    "type": "Polygon",
    "coordinates": [
     [
      [
       -97.66225563953076,
       30.437020444463954
      ],
      [
       -97.66226325951617,
       30.43701431799647
      ],
      [
       -97.66228457677023,
       30.43703402749256
      ],
      [
       -97.66227695678481,
       30.437040153960044
      ],
      [
       -97.66225563953076,
       30.437020444463954
      ]
     ]
    ]
   }
  },
  {
   "type": "Feature",
   "properties": {
    "id": "49-C4",
    "lot": 49,
    "space": "C4",
    "status": "bohri",
    "color": "gray"
   },
   "geometry": {
    "type": "Polygon",
    "coordinates": [
     [
      [
       -97.66226325951617,
       30.43701431799647
      ],
      [
       -97.66227087950158,
       30.43700819152899
      ],
      [
       -97.66229219675564,
       30.437027901025083
      ],
      [
       -97.66228457677023,
       30.43703402749256
      ],
      [
       -97.66226325951617,
       30.43701431799647
      ]
     ]
    ]
   }
  },
  {
   "type": "Feature",
   "properties": {
    "id": "49-D1",
    "lot": 49,
    "space": "D1",
    "status": "bohri",
    "color": "gray"
   },
   "geometry": {
    "type": "Polygon",
    "coordinates": [
     [
      [
       -97.66227087950158,
       30.43700819152899
      ],
      [
       -97.66227849948699,
       30.43700206506151
      ],
      [
       -97.66229981674105,
       30.4370217745576
      ],
      [
       -97.66229219675564,
       30.437027901025083
      ],
      [
       -97.66227087950158,
       30.43700819152899
      ]
     ]
    ]
   }
  },
  {
   "type": "Feature",
   "properties": {
    "id": "49-D2",
    "lot": 49,
    "space": "D2",
    "status": "bohri",
    "color": "gray"
   },
   "geometry": {
    "type": "Polygon",
    "coordinates": [
     [
      [
       -97.66227849948699,
       30.43700206506151
      ],
      [
       -97.6622861194724,
       30.436995938594027
      ],
      [
       -97.66230743672646,
       30.437015648090117
      ],
      [
       -97.66229981674105,
       30.4370217745576
      ],
      [
       -97.66227849948699,
       30.43700206506151
      ]
     ]
    ]
   }
  },
  {
   "type": "Feature",
   "properties": {
    "id": "49-D3",
    "lot": 49,
    "space": "D3",
    "status": "bohri",
    "color": "gray"
   },
   "geometry": {
    "type": "Polygon",
    "coordinates": [
     [
      [
       -97.6622861194724,
       30.436995938594027
      ],
      [
       -97.66229373945782,
       30.436989812126544
      ],
      [
       -97.66231505671188,
       30.437009521622635
      ],
      [
       -97.66230743672646,
       30.437015648090117
      ],
      [
       -97.6622861194724,
       30.436995938594027
      ]
     ]
    ]
   }
  },
  {
   "type": "Feature",
   "properties": {
    "id": "49-D4",
    "lot": 49,
    "space": "D4",
    "status": "bohri",
    "color": "gray"
   },
   "geometry": {
    "type": "Polygon",
    "coordinates": [
     [
      [
       -97.66229373945782,
       30.436989812126544
      ],
      [
       -97.66230135944323,
       30.43698368565906
      ],
      [
       -97.66232267669729,
       30.437003395155156
      ],
      [
       -97.66231505671188,
       30.437009521622635
      ],
      [
       -97.66229373945782,
       30.436989812126544
      ]
     ]
    ]
   }
  },
  {
   "type": "Feature",
   "properties": {
    "id": "50-A1",
    "lot": 50,
    "space": "A1",
    "status": "unusable",
    "color": "green"
   },
   "geometry": {
    "type": "Polygon",
    "coordinates": [
     [
      [
       -97.6621583902648,
       30.437061927398773
      ],
      [
       -97.66216601025022,
       30.43705580093129
      ],
      [
       -97.66218732750428,
       30.437075510427384
      ],
      [
       -97.66217970751886,
       30.437081636894863
      ],
      [
       -97.6621583902648,
       30.437061927398773
      ]
     ]
    ]
   }
  },
  {
   "type": "Feature",
   "properties": {
    "id": "50-A2",
    "lot": 50,
    "space": "A2",
    "status": "unusable",
    "color": "green"
   },
   "geometry": {
    "type": "Polygon",
    "coordinates": [
     [
      [
       -97.66216601025022,
       30.43705580093129
      ],
      [
       -97.66217363023563,
       30.43704967446381
      ],
      [
       -97.6621949474897,
       30.4370693839599
      ],
      [
       -97.66218732750428,
       30.437075510427384
      ],
      [
       -97.66216601025022,
       30.43705580093129
      ]
     ]
    ]
   }
  },
  {
   "type": "Feature",
   "properties": {
    "id": "50-A3",
    "lot": 50,
    "space": "A3",
    "status": "unusable",
    "color": "green"
   },
   "geometry": {
    "type": "Polygon",
    "coordinates": [
     [
      [
       -97.66217363023563,
       30.43704967446381
      ],
      [
       -97.66218125022104,
       30.43704354799633
      ],
      [
       -97.6622025674751,
       30.43706325749242
      ],
      [
       -97.6621949474897,
       30.4370693839599
      ],
      [
       -97.66217363023563,
       30.43704967446381
      ]
     ]
    ]
   }
  },
  {
   "type": "Feature",
   "properties": {
    "id": "50-A4",
    "lot": 50,
    "space": "A4",
    "status": "unowned",
    "color": "white"
   },
   "geometry": {
    "type": "Polygon",
    "coordinates": [
     [
      [
       -97.66218125022104,
       30.43704354799633
      ],
      [
       -97.66218887020645,
       30.437037421528846
      ],
      [
       -97.66221018746052,
       30.437057131024936
      ],
      [
       -97.6622025674751,
       30.43706325749242
      ],
      [
       -97.66218125022104,
       30.43704354799633
      ]
     ]
    ]
   }
  },
  {
   "type": "Feature",
   "properties": {
    "id": "50-B1",
    "lot": 50,
    "space": "B1",
    "status": "vacant",
    "color": "lightblue",
    "owner": "SANJAR, Fatemeh"
   },
   "geometry": {
    "type": "Polygon",
    "coordinates": [
     [
      [
       -97.66218887020645,
       30.437037421528846
      ],
      [
       -97.66219649019187,
       30.437031295061363
      ],
      [
       -97.66221780744593,
       30.437051004557457
      ],
      [
       -97.66221018746052,
       30.437057131024936
      ],
      [
       -97.66218887020645,
       30.437037421528846
      ]
     ]
    ]
   }
  },
  {
   "type": "Feature",
   "properties": {
    "id": "50-B2",
    "lot": 50,
    "space": "B2",
    "status": "vacant",
    "color": "lightblue",
    "owner": "SANJAR, Fatemeh"
   },
   "geometry": {
    "type": "Polygon",
    "coordinates": [
     [
      [
       -97.66219649019187,
       30.437031295061363
      ],
      [
       -97.66220411017729,
       30.437025168593884
      ],
      [
       -97.66222542743134,
       30.437044878089974
      ],
      [
       -97.66221780744593,
       30.437051004557457
      ],
      [
       -97.66219649019187,
       30.437031295061363
      ]
     ]
    ]
   }
  },
  {
   "type": "Feature",
   "properties": {
    "id": "50-B3",
    "lot": 50,
    "space": "B3",
    "status": "buried",
    "color": "red"
   },
   "geometry": {
    "type": "Polygon",
    "coordinates": [
     [
      [
       -97.66220411017729,
       30.437025168593884
      ],
      [
       -97.6622117301627,
       30.4370190421264
      ],
      [
       -97.66223304741676,
       30.43703875162249
      ],
      [
       -97.66222542743134,
       30.437044878089974
      ],
      [
       -97.66220411017729,
       30.437025168593884
      ]
     ]
    ]
   }
  },
  {
   "type": "Feature",
   "properties": {
    "id": "50-B4",
    "lot": 50,
    "space": "B4",
    "status": "unowned",
    "color": "white"
   },
   "geometry": {
    "type": "Polygon",
    "coordinates": [
     [
      [
       -97.6622117301627,
       30.4370190421264
      ],
      [
       -97.6622193501481,
       30.43701291565892
      ],
      [
       -97.66224066740217,
       30.43703262515501
      ],
      [
       -97.66223304741676,
       30.43703875162249
      ],
      [
       -97.6622117301627,
       30.4370190421264
      ]
     ]
    ]
   }
  },
  {
   "type": "Feature",
   "properties": {
    "id": "50-C1",
    "lot": 50,
    "space": "C1",
    "status": "unowned",
    "color": "white"
   },
   "geometry": {
    "type": "Polygon",
    "coordinates": [
     [
      [
       -97.66217970751886,
       30.437081636894863
      ],
      [
       -97.66218732750428,
       30.437075510427384
      ],
      [
       -97.66220864475834,
       30.437095219923474
      ],
      [
       -97.66220102477293,
       30.437101346390953
      ],
      [
       -97.66217970751886,
       30.437081636894863
      ]
     ]
    ]
   }
  },
  {
   "type": "Feature",
   "properties": {
    "id": "50-C2",
    "lot": 50,
    "space": "C2",
    "status": "unowned",
    "color": "white"
   },
   "geometry": {
    "type": "Polygon",
    "coordinates": [
     [
      [
       -97.66218732750428,
       30.437075510427384
      ],
      [
       -97.6621949474897,
       30.4370693839599
      ],
      [
       -97.66221626474375,
       30.43708909345599
      ],
      [
       -97.66220864475834,
       30.437095219923474
      ],
      [
       -97.66218732750428,
       30.437075510427384
      ]
     ]
    ]
   }
  },
  {
   "type": "Feature",
   "properties": {
    "id": "50-C3",
    "lot": 50,
    "space": "C3",
    "status": "buried",
    "color": "red"
   },
   "geometry": {
    "type": "Polygon",
    "coordinates": [
     [
      [
       -97.6621949474897,
       30.4370693839599
      ],
      [
       -97.6622025674751,
       30.43706325749242
      ],
      [
       -97.66222388472917,
       30.43708296698851
      ],
      [
       -97.66221626474375,
       30.43708909345599
      ],
      [
       -97.6621949474897,
       30.4370693839599
      ]
     ]
    ]
   }
  },
  {
   "type": "Feature",
   "properties": {
    "id": "50-C4",
    "lot": 50,
    "space": "C4",
    "status": "unowned",
    "color": "white"
   },
   "geometry": {
    "type": "Polygon",
    "coordinates": [
     [
      [
       -97.6622025674751,
       30.43706325749242
      ],
      [
       -97.66221018746052,
       30.437057131024936
      ],
      [
       -97.66223150471458,
       30.43707684052103
      ],
      [
       -97.66222388472917,
       30.43708296698851
      ],
      [
       -97.6622025674751,
       30.43706325749242
      ]
     ]
    ]
   }
  },
  {
   "type": "Feature",
   "properties": {
    "id": "50-D1",
    "lot": 50,
    "space": "D1",
    "status": "buried",
    "color": "red"
   },
   "geometry": {
    "type": "Polygon",
    "coordinates": [
     [
      [
       -97.66221018746052,
       30.437057131024936
      ],
      [
       -97.66221780744593,
       30.437051004557457
      ],
      [
       -97.6622391247,
       30.437070714053547
      ],
      [
       -97.66223150471458,
       30.43707684052103
      ],
      [
       -97.66221018746052,
       30.437057131024936
      ]
     ]
    ]
   }
  },
  {
   "type": "Feature",
   "properties": {
    "id": "50-D2",
    "lot": 50,
    "space": "D2",
    "status": "unowned",
    "color": "white"
   },
   "geometry": {
    "type": "Polygon",
    "coordinates": [
     [
      [
       -97.66221780744593,
       30.437051004557457
      ],
      [
       -97.66222542743134,
       30.437044878089974
      ],
      [
       -97.6622467446854,
       30.437064587586065
      ],
      [
       -97.6622391247,
       30.437070714053547
      ],
      [
       -97.66221780744593,
       30.437051004557457
      ]
     ]
    ]
   }
  },
  {
   "type": "Feature",
   "properties": {
    "id": "50-D3",
    "lot": 50,
    "space": "D3",
    "status": "unowned",
    "color": "white"
   },
   "geometry": {
    "type": "Polygon",
    "coordinates": [
     [
      [
       -97.66222542743134,
       30.437044878089974
      ],
      [
       -97.66223304741676,
       30.43703875162249
      ],
      [
       -97.66225436467082,
       30.437058461118582
      ],
      [
       -97.6622467446854,
       30.437064587586065
      ],
      [
       -97.66222542743134,
       30.437044878089974
      ]
     ]
    ]
   }
  },
  {
   "type": "Feature",
   "properties": {
    "id": "50-D4",
    "lot": 50,
    "space": "D4",
    "status": "buried",
    "color": "red"
   },
   "geometry": {
    "type": "Polygon",
    "coordinates": [
     [
      [
       -97.66223304741676,
       30.43703875162249
      ],
      [
       -97.66224066740217,
       30.43703262515501
      ],
      [
       -97.66226198465623,
       30.437052334651103
      ],
      [
       -97.66225436467082,
       30.437058461118582
      ],
      [
       -97.66223304741676,
       30.43703875162249
      ]
     ]
    ]
   }
  },
  {
   "type": "Feature",
   "properties": {
    "id": "51-A1",
    "lot": 51,
    "space": "A1",
    "status": "bohri",
    "color": "gray"
   },
   "geometry": {
    "type": "Polygon",
    "coordinates": [
     [
      [
       -97.66226185510293,
       30.43705240303663
      ],
      [
       -97.66226947508835,
       30.437046276569152
      ],
      [
       -97.6622907923424,
       30.437065986065242
      ],
      [
       -97.662283172357,
       30.437072112532725
      ],
      [
       -97.66226185510293,
       30.43705240303663
      ]
     ]
    ]
   }
  },
  {
   "type": "Feature",
   "properties": {
    "id": "51-A2",
    "lot": 51,
    "space": "A2",
    "status": "bohri",
    "color": "gray"
   },
   "geometry": {
    "type": "Polygon",
    "coordinates": [
     [
      [
       -97.66226947508835,
       30.437046276569152
      ],
      [
       -97.66227709507376,
       30.43704015010167
      ],
      [
       -97.66229841232781,
       30.43705985959776
      ],
      [
       -97.6622907923424,
       30.437065986065242
      ],
      [
       -97.66226947508835,
       30.437046276569152
      ]
     ]
    ]
   }
  },
  {
   "type": "Feature",
   "properties": {
    "id": "51-A3",
    "lot": 51,
    "space": "A3",
    "status": "bohri",
    "color": "gray"
   },
   "geometry": {
    "type": "Polygon",
    "coordinates": [
     [
      [
       -97.66227709507376,
       30.43704015010167
      ],
      [
       -97.66228471505917,
       30.437034023634187
      ],
      [
       -97.66230603231324,
       30.437053733130277
      ],
      [
       -97.66229841232781,
       30.43705985959776
      ],
      [
       -97.66227709507376,
       30.43704015010167
      ]
     ]
    ]
   }
  },
  {
   "type": "Feature",
   "properties": {
    "id": "51-A4",
    "lot": 51,
    "space": "A4",
    "status": "bohri",
    "color": "gray"
   },
   "geometry": {
    "type": "Polygon",
    "coordinates": [
     [
      [
       -97.66228471505917,
       30.437034023634187
      ],
      [
       -97.66229233504458,
       30.437027897166704
      ],
      [
       -97.66231365229865,
       30.437047606662798
      ],
      [
       -97.66230603231324,
       30.437053733130277
      ],
      [
       -97.66228471505917,
       30.437034023634187
      ]
     ]
    ]
   }
  },
  {
   "type": "Feature",
   "properties": {
    "id": "51-B1",
    "lot": 51,
    "space": "B1",
    "status": "bohri",
    "color": "gray"
   },
   "geometry": {
    "type": "Polygon",
    "coordinates": [
     [
      [
       -97.66229233504458,
       30.437027897166704
      ],
      [
       -97.66229995503,
       30.437021770699225
      ],
      [
       -97.66232127228406,
       30.437041480195315
      ],
      [
       -97.66231365229865,
       30.437047606662798
      ],
      [
       -97.66229233504458,
       30.437027897166704
      ]
     ]
    ]
   }
  },
  {
   "type": "Feature",
   "properties": {
    "id": "51-B2",
    "lot": 51,
    "space": "B2",
    "status": "bohri",
    "color": "gray"
   },
   "geometry": {
    "type": "Polygon",
    "coordinates": [
     [
      [
       -97.66229995503,
       30.437021770699225
      ],
      [
       -97.6623075750154,
       30.437015644231742
      ],
      [
       -97.66232889226947,
       30.437035353727833
      ],
      [
       -97.66232127228406,
       30.437041480195315
      ],
      [
       -97.66229995503,
       30.437021770699225
      ]
     ]
    ]
   }
  },
  {
   "type": "Feature",
   "properties": {
    "id": "51-B3",
    "lot": 51,
    "space": "B3",
    "status": "bohri",
    "color": "gray"
   },
   "geometry": {
    "type": "Polygon",
    "coordinates": [
     [
      [
       -97.6623075750154,
       30.437015644231742
      ],
      [
       -97.66231519500083,
       30.43700951776426
      ],
      [
       -97.66233651225488,
       30.43702922726035
      ],
      [
       -97.66232889226947,
       30.437035353727833
      ],
      [
       -97.6623075750154,
       30.437015644231742
      ]
     ]
    ]
   }
  },
  {
   "type": "Feature",
   "properties": {
    "id": "51-B4",
    "lot": 51,
    "space": "B4",
    "status": "bohri",
    "color": "gray"
   },
   "geometry": {
    "type": "Polygon",
    "coordinates": [
     [
      [
       -97.66231519500083,
       30.43700951776426
      ],
      [
       -97.66232281498624,
       30.43700339129678
      ],
      [
       -97.66234413224029,
       30.43702310079287
      ],
      [
       -97.66233651225488,
       30.43702922726035
      ],
      [
       -97.66231519500083,
       30.43700951776426
      ]
     ]
    ]
   }
  },
  {
   "type": "Feature",
   "properties": {
    "id": "51-C1",
    "lot": 51,
    "space": "C1",
    "status": "bohri",
    "color": "gray"
   },
   "geometry": {
    "type": "Polygon",
    "coordinates": [
     [
      [
       -97.662283172357,
       30.437072112532725
      ],
      [
       -97.6622907923424,
       30.437065986065242
      ],
      [
       -97.66231210959647,
       30.437085695561333
      ],
      [
       -97.66230448961106,
       30.437091822028815
      ],
      [
       -97.662283172357,
       30.437072112532725
      ]
     ]
    ]
   }
  },
  {
   "type": "Feature",
   "properties": {
    "id": "51-C2",
    "lot": 51,
    "space": "C2",
    "status": "bohri",
    "color": "gray"
   },
   "geometry": {
    "type": "Polygon",
    "coordinates": [
     [
      [
       -97.6622907923424,
       30.437065986065242
      ],
      [
       -97.66229841232781,
       30.43705985959776
      ],
      [
       -97.66231972958188,
       30.43707956909385
      ],
      [
       -97.66231210959647,
       30.437085695561333
      ],
      [
       -97.6622907923424,
       30.437065986065242
      ]
     ]
    ]
   }
  },
  {
   "type": "Feature",
   "properties": {
    "id": "51-C3",
    "lot": 51,
    "space": "C3",
    "status": "bohri",
    "color": "gray"
   },
   "geometry": {
    "type": "Polygon",
    "coordinates": [
     [
      [
       -97.66229841232781,
       30.43705985959776
      ],
      [
       -97.66230603231324,
       30.437053733130277
      ],
      [
       -97.66232734956729,
       30.43707344262637
      ],
      [
       -97.66231972958188,
       30.43707956909385
      ],
      [
       -97.66229841232781,
       30.43705985959776
      ]
     ]
    ]
   }
  },
  {
   "type": "Feature",
   "properties": {
    "id": "51-C4",
    "lot": 51,
    "space": "C4",
    "status": "bohri",
    "color": "gray"
   },
   "geometry": {
    "type": "Polygon",
    "coordinates": [
     [
      [
       -97.66230603231324,
       30.437053733130277
      ],
      [
       -97.66231365229865,
       30.437047606662798
      ],
      [
       -97.6623349695527,
       30.43706731615889
      ],
      [
       -97.66232734956729,
       30.43707344262637
      ],
      [
       -97.66230603231324,
       30.437053733130277
      ]
     ]
    ]
   }
  },
  {
   "type": "Feature",
   "properties": {
    "id": "51-D1",
    "lot": 51,
    "space": "D1",
    "status": "bohri",
    "color": "gray"
   },
   "geometry": {
    "type": "Polygon",
    "coordinates": [
     [
      [
       -97.66231365229865,
       30.437047606662798
      ],
      [
       -97.66232127228406,
       30.437041480195315
      ],
      [
       -97.66234258953811,
       30.437061189691406
      ],
      [
       -97.6623349695527,
       30.43706731615889
      ],
      [
       -97.66231365229865,
       30.437047606662798
      ]
     ]
    ]
   }
  },
  {
   "type": "Feature",
   "properties": {
    "id": "51-D2",
    "lot": 51,
    "space": "D2",
    "status": "bohri",
    "color": "gray"
   },
   "geometry": {
    "type": "Polygon",
    "coordinates": [
     [
      [
       -97.66232127228406,
       30.437041480195315
      ],
      [
       -97.66232889226947,
       30.437035353727833
      ],
      [
       -97.66235020952354,
       30.437055063223923
      ],
      [
       -97.66234258953811,
       30.437061189691406
      ],
      [
       -97.66232127228406,
       30.437041480195315
      ]
     ]
    ]
   }
  },
  {
   "type": "Feature",
   "properties": {
    "id": "51-D3",
    "lot": 51,
    "space": "D3",
    "status": "bohri",
    "color": "gray"
   },
   "geometry": {
    "type": "Polygon",
    "coordinates": [
     [
      [
       -97.66232889226947,
       30.437035353727833
      ],
      [
       -97.66233651225488,
       30.43702922726035
      ],
      [
       -97.66235782950895,
       30.437048936756444
      ],
      [
       -97.66235020952354,
       30.437055063223923
      ],
      [
       -97.66232889226947,
       30.437035353727833
      ]
     ]
    ]
   }
  },
  {
   "type": "Feature",
   "properties": {
    "id": "51-D4",
    "lot": 51,
    "space": "D4",
    "status": "bohri",
    "color": "gray"
   },
   "geometry": {
    "type": "Polygon",
    "coordinates": [
     [
      [
       -97.66233651225488,
       30.43702922726035
      ],
      [
       -97.66234413224029,
       30.43702310079287
      ],
      [
       -97.66236544949436,
       30.43704281028896
      ],
      [
       -97.66235782950895,
       30.437048936756444
      ],
      [
       -97.66233651225488,
       30.43702922726035
      ]
     ]
    ]
   }
  },
  {
   "type": "Feature",
   "properties": {
    "id": "52-A1",
    "lot": 52,
    "space": "A1",
    "status": "buried",
    "color": "red"
   },
   "geometry": {
    "type": "Polygon",
    "coordinates": [
     [
      [
       -97.66220088634853,
       30.437100992605167
      ],
      [
       -97.66220850633394,
       30.437094866137688
      ],
      [
       -97.662229823588,
       30.437114575633778
      ],
      [
       -97.66222220360258,
       30.437120702101257
      ],
      [
       -97.66220088634853,
       30.437100992605167
      ]
     ]
    ]
   }
  },
  {
   "type": "Feature",
   "properties": {
    "id": "52-A2",
    "lot": 52,
    "space": "A2",
    "status": "unowned",
    "color": "white"
   },
   "geometry": {
    "type": "Polygon",
    "coordinates": [
     [
      [
       -97.66220850633394,
       30.437094866137688
      ],
      [
       -97.66221612631935,
       30.437088739670205
      ],
      [
       -97.66223744357342,
       30.437108449166296
      ],
      [
       -97.662229823588,
       30.437114575633778
      ],
      [
       -97.66220850633394,
       30.437094866137688
      ]
     ]
    ]
   }
  },
  {
   "type": "Feature",
   "properties": {
    "id": "52-A3",
    "lot": 52,
    "space": "A3",
    "status": "unowned",
    "color": "white"
   },
   "geometry": {
    "type": "Polygon",
    "coordinates": [
     [
      [
       -97.66221612631935,
       30.437088739670205
      ],
      [
       -97.66222374630476,
       30.437082613202723
      ],
      [
       -97.66224506355883,
       30.437102322698813
      ],
      [
       -97.66223744357342,
       30.437108449166296
      ],
      [
       -97.66221612631935,
       30.437088739670205
      ]
     ]
    ]
   }
  },
  {
   "type": "Feature",
   "properties": {
    "id": "52-A4",
    "lot": 52,
    "space": "A4",
    "status": "unowned",
    "color": "white"
   },
   "geometry": {
    "type": "Polygon",
    "coordinates": [
     [
      [
       -97.66222374630476,
       30.437082613202723
      ],
      [
       -97.66223136629017,
       30.43707648673524
      ],
      [
       -97.66225268354424,
       30.437096196231334
      ],
      [
       -97.66224506355883,
       30.437102322698813
      ],
      [
       -97.66222374630476,
       30.437082613202723
      ]
     ]
    ]
   }
  },
  {
   "type": "Feature",
   "properties": {
    "id": "52-B1",
    "lot": 52,
    "space": "B1",
    "status": "buried",
    "color": "red"
   },
   "geometry": {
    "type": "Polygon",
    "coordinates": [
     [
      [
       -97.66223136629017,
       30.43707648673524
      ],
      [
       -97.6622389862756,
       30.43707036026776
      ],
      [
       -97.66226030352965,
       30.43709006976385
      ],
      [
       -97.66225268354424,
       30.437096196231334
      ],
      [
       -97.66223136629017,
       30.43707648673524
      ]
     ]
    ]
   }
  },
  {
   "type": "Feature",
   "properties": {
    "id": "52-B2",
    "lot": 52,
    "space": "B2",
    "status": "unowned",
    "color": "white"
   },
   "geometry": {
    "type": "Polygon",
    "coordinates": [
     [
      [
       -97.6622389862756,
       30.43707036026776
      ],
      [
       -97.66224660626101,
       30.437064233800278
      ],
      [
       -97.66226792351506,
       30.43708394329637
      ],
      [
       -97.66226030352965,
       30.43709006976385
      ],
      [
       -97.6622389862756,
       30.43707036026776
      ]
     ]
    ]
   }
  },
  {
   "type": "Feature",
   "properties": {
    "id": "52-B3",
    "lot": 52,
    "space": "B3",
    "status": "unowned",
    "color": "white"
   },
   "geometry": {
    "type": "Polygon",
    "coordinates": [
     [
      [
       -97.66224660626101,
       30.437064233800278
      ],
      [
       -97.66225422624642,
       30.437058107332795
      ],
      [
       -97.66227554350048,
       30.437077816828886
      ],
      [
       -97.66226792351506,
       30.43708394329637
      ],
      [
       -97.66224660626101,
       30.437064233800278
      ]
     ]
    ]
   }
  },
  {
   "type": "Feature",
   "properties": {
    "id": "52-B4",
    "lot": 52,
    "space": "B4",
    "status": "unowned",
    "color": "white"
   },
   "geometry": {
    "type": "Polygon",
    "coordinates": [
     [
      [
       -97.66225422624642,
       30.437058107332795
      ],
      [
       -97.66226184623183,
       30.437051980865313
      ],
      [
       -97.6622831634859,
       30.437071690361407
      ],
      [
       -97.66227554350048,
       30.437077816828886
      ],
      [
       -97.66225422624642,
       30.437058107332795
      ]
     ]
    ]
   }
  },
  {
   "type": "Feature",
   "properties": {
    "id": "52-C1",
    "lot": 52,
    "space": "C1",
    "status": "unusable",
    "color": "green"
   },
   "geometry": {
    "type": "Polygon",
    "coordinates": [
     [
      [
       -97.66222220360258,
       30.437120702101257
      ],
      [
       -97.662229823588,
       30.437114575633778
      ],
      [
       -97.66225114084206,
       30.43713428512987
      ],
      [
       -97.66224352085665,
       30.43714041159735
      ],
      [
       -97.66222220360258,
       30.437120702101257
      ]
     ]
    ]
   }
  },
  {
   "type": "Feature",
   "properties": {
    "id": "52-C2",
    "lot": 52,
    "space": "C2",
    "status": "unusable",
    "color": "green"
   },
   "geometry": {
    "type": "Polygon",
    "coordinates": [
     [
      [
       -97.662229823588,
       30.437114575633778
      ],
      [
       -97.66223744357342,
       30.437108449166296
      ],
      [
       -97.66225876082747,
       30.437128158662386
      ],
      [
       -97.66225114084206,
       30.43713428512987
      ],
      [
       -97.662229823588,
       30.437114575633778
      ]
     ]
    ]
   }
  },
  {
   "type": "Feature",
   "properties": {
    "id": "52-C3",
    "lot": 52,
    "space": "C3",
    "status": "unusable",
    "color": "green"
   },
   "geometry": {
    "type": "Polygon",
    "coordinates": [
     [
      [
       -97.66223744357342,
       30.437108449166296
      ],
      [
       -97.66224506355883,
       30.437102322698813
      ],
      [
       -97.6622663808129,
       30.437122032194907
      ],
      [
       -97.66225876082747,
       30.437128158662386
      ],
      [
       -97.66223744357342,
       30.437108449166296
      ]
     ]
    ]
   }
  },
  {
   "type": "Feature",
   "properties": {
    "id": "52-C4",
    "lot": 52,
    "space": "C4",
    "status": "occupied",
    "color": "darkblue",
    "person": {
     "name": "SALMAN, Kadhim Dr.",
     "burial": "2021-10-03"
    }
   },
   "geometry": {
    "type": "Polygon",
    "coordinates": [
     [
      [
       -97.66224506355883,
       30.437102322698813
      ],
      [
       -97.66225268354424,
       30.437096196231334
      ],
      [
       -97.6622740007983,
       30.437115905727424
      ],
      [
       -97.6622663808129,
       30.437122032194907
      ],
      [
       -97.66224506355883,
       30.437102322698813
      ]
     ]
    ]
   }
  },
  {
   "type": "Feature",
   "properties": {
    "id": "52-D1",
    "lot": 52,
    "space": "D1",
    "status": "vacant",
    "color": "lightblue",
    "owner": "SALMAN, Jennan"
   },
   "geometry": {
    "type": "Polygon",
    "coordinates": [
     [
      [
       -97.66225268354424,
       30.437096196231334
      ],
      [
       -97.66226030352965,
       30.43709006976385
      ],
      [
       -97.66228162078372,
       30.43710977925994
      ],
      [
       -97.6622740007983,
       30.437115905727424
      ],
      [
       -97.66225268354424,
       30.437096196231334
      ]
     ]
    ]
   }
  },
  {
   "type": "Feature",
   "properties": {
    "id": "52-D2",
    "lot": 52,
    "space": "D2",
    "status": "unowned",
    "color": "white"
   },
   "geometry": {
    "type": "Polygon",
    "coordinates": [
     [
      [
       -97.66226030352965,
       30.43709006976385
      ],
      [
       -97.66226792351506,
       30.43708394329637
      ],
      [
       -97.66228924076913,
       30.43710365279246
      ],
      [
       -97.66228162078372,
       30.43710977925994
      ],
      [
       -97.66226030352965,
       30.43709006976385
      ]
     ]
    ]
   }
  },
  {
   "type": "Feature",
   "properties": {
    "id": "52-D3",
    "lot": 52,
    "space": "D3",
    "status": "unowned",
    "color": "white"
   },
   "geometry": {
    "type": "Polygon",
    "coordinates": [
     [
      [
       -97.66226792351506,
       30.43708394329637
      ],
      [
       -97.66227554350048,
       30.437077816828886
      ],
      [
       -97.66229686075454,
       30.43709752632498
      ],
      [
       -97.66228924076913,
       30.43710365279246
      ],
      [
       -97.66226792351506,
       30.43708394329637
      ]
     ]
    ]
   }
  },
  {
   "type": "Feature",
   "properties": {
    "id": "52-D4",
    "lot": 52,
    "space": "D4",
    "status": "unowned",
    "color": "white"
   },
   "geometry": {
    "type": "Polygon",
    "coordinates": [
     [
      [
       -97.66227554350048,
       30.437077816828886
      ],
      [
       -97.6622831634859,
       30.437071690361407
      ],
      [
       -97.66230448073995,
       30.437091399857497
      ],
      [
       -97.66229686075454,
       30.43709752632498
      ],
      [
       -97.66227554350048,
       30.437077816828886
      ]
     ]
    ]
   }
  },
  {
   "type": "Feature",
   "properties": {
    "id": "53-A1",
    "lot": 53,
    "space": "A1",
    "status": "bohri",
    "color": "gray"
   },
   "geometry": {
    "type": "Polygon",
    "coordinates": [
     [
      [
       -97.66230455062512,
       30.43709191607474
      ],
      [
       -97.66231217061053,
       30.43708578960726
      ],
      [
       -97.6623334878646,
       30.43710549910335
      ],
      [
       -97.66232586787918,
       30.437111625570832
      ],
      [
       -97.66230455062512,
       30.43709191607474
      ]
     ]
    ]
   }
  },
  {
   "type": "Feature",
   "properties": {
    "id": "53-A2",
    "lot": 53,
    "space": "A2",
    "status": "bohri",
    "color": "gray"
   },
   "geometry": {
    "type": "Polygon",
    "coordinates": [
     [
      [
       -97.66231217061053,
       30.43708578960726
      ],
      [
       -97.66231979059594,
       30.437079663139777
      ],
      [
       -97.66234110785001,
       30.437099372635867
      ],
      [
       -97.6623334878646,
       30.43710549910335
      ],
      [
       -97.66231217061053,
       30.43708578960726
      ]
     ]
    ]
   }
  },
  {
   "type": "Feature",
   "properties": {
    "id": "53-A3",
    "lot": 53,
    "space": "A3",
    "status": "bohri",
    "color": "gray"
   },
   "geometry": {
    "type": "Polygon",
    "coordinates": [
     [
      [
       -97.66231979059594,
       30.437079663139777
      ],
      [
       -97.66232741058136,
       30.437073536672294
      ],
      [
       -97.66234872783542,
       30.437093246168384
      ],
      [
       -97.66234110785001,
       30.437099372635867
      ],
      [
       -97.66231979059594,
       30.437079663139777
      ]
     ]
    ]
   }
  },
  {
   "type": "Feature",
   "properties": {
    "id": "53-A4",
    "lot": 53,
    "space": "A4",
    "status": "bohri",
    "color": "gray"
   },
   "geometry": {
    "type": "Polygon",
    "coordinates": [
     [
      [
       -97.66232741058136,
       30.437073536672294
      ],
      [
       -97.66233503056677,
       30.43706741020481
      ],
      [
       -97.66235634782083,
       30.437087119700905
      ],
      [
       -97.66234872783542,
       30.437093246168384
      ],
      [
       -97.66232741058136,
       30.437073536672294
      ]
     ]
    ]
   }
  },
  {
   "type": "Feature",
   "properties": {
    "id": "53-B1",
    "lot": 53,
    "space": "B1",
    "status": "bohri",
    "color": "gray"
   },
   "geometry": {
    "type": "Polygon",
    "coordinates": [
     [
      [
       -97.66233503056677,
       30.43706741020481
      ],
      [
       -97.66234265055219,
       30.437061283737332
      ],
      [
       -97.66236396780624,
       30.437080993233423
      ],
      [
       -97.66235634782083,
       30.437087119700905
      ],
      [
       -97.66233503056677,
       30.43706741020481
      ]
     ]
    ]
   }
  },
  {
   "type": "Feature",
   "properties": {
    "id": "53-B2",
    "lot": 53,
    "space": "B2",
    "status": "bohri",
    "color": "gray"
   },
   "geometry": {
    "type": "Polygon",
    "coordinates": [
     [
      [
       -97.66234265055219,
       30.437061283737332
      ],
      [
       -97.6623502705376,
       30.43705515726985
      ],
      [
       -97.66237158779165,
       30.43707486676594
      ],
      [
       -97.66236396780624,
       30.437080993233423
      ],
      [
       -97.66234265055219,
       30.437061283737332
      ]
     ]
    ]
   }
  },
  {
   "type": "Feature",
   "properties": {
    "id": "53-B3",
    "lot": 53,
    "space": "B3",
    "status": "bohri",
    "color": "gray"
   },
   "geometry": {
    "type": "Polygon",
    "coordinates": [
     [
      [
       -97.6623502705376,
       30.43705515726985
      ],
      [
       -97.66235789052301,
       30.437049030802367
      ],
      [
       -97.66237920777706,
       30.437068740298457
      ],
      [
       -97.66237158779165,
       30.43707486676594
      ],
      [
       -97.6623502705376,
       30.43705515726985
      ]
     ]
    ]
   }
  },
  {
   "type": "Feature",
   "properties": {
    "id": "53-B4",
    "lot": 53,
    "space": "B4",
    "status": "bohri",
    "color": "gray"
   },
   "geometry": {
    "type": "Polygon",
    "coordinates": [
     [
      [
       -97.66235789052301,
       30.437049030802367
      ],
      [
       -97.66236551050842,
       30.437042904334888
      ],
      [
       -97.66238682776249,
       30.437062613830978
      ],
      [
       -97.66237920777706,
       30.437068740298457
      ],
      [
       -97.66235789052301,
       30.437049030802367
      ]
     ]
    ]
   }
  },
  {
   "type": "Feature",
   "properties": {
    "id": "53-C1",
    "lot": 53,
    "space": "C1",
    "status": "bohri",
    "color": "gray"
   },
   "geometry": {
    "type": "Polygon",
    "coordinates": [
     [
      [
       -97.66232586787918,
       30.437111625570832
      ],
      [
       -97.6623334878646,
       30.43710549910335
      ],
      [
       -97.66235480511865,
       30.43712520859944
      ],
      [
       -97.66234718513324,
       30.437131335066923
      ],
      [
       -97.66232586787918,
       30.437111625570832
      ]
     ]
    ]
   }
  },
  {
   "type": "Feature",
   "properties": {
    "id": "53-C2",
    "lot": 53,
    "space": "C2",
    "status": "bohri",
    "color": "gray"
   },
   "geometry": {
    "type": "Polygon",
    "coordinates": [
     [
      [
       -97.6623334878646,
       30.43710549910335
      ],
      [
       -97.66234110785001,
       30.437099372635867
      ],
      [
       -97.66236242510406,
       30.437119082131957
      ],
      [
       -97.66235480511865,
       30.43712520859944
      ],
      [
       -97.6623334878646,
       30.43710549910335
      ]
     ]
    ]
   }
  },
  {
   "type": "Feature",
   "properties": {
    "id": "53-C3",
    "lot": 53,
    "space": "C3",
    "status": "bohri",
    "color": "gray"
   },
   "geometry": {
    "type": "Polygon",
    "coordinates": [
     [
      [
       -97.66234110785001,
       30.437099372635867
      ],
      [
       -97.66234872783542,
       30.437093246168384
      ],
      [
       -97.66237004508947,
       30.437112955664478
      ],
      [
       -97.66236242510406,
       30.437119082131957
      ],
      [
       -97.66234110785001,
       30.437099372635867
      ]
     ]
    ]
   }
  },
  {
   "type": "Feature",
   "properties": {
    "id": "53-C4",
    "lot": 53,
    "space": "C4",
    "status": "bohri",
    "color": "gray"
   },
   "geometry": {
    "type": "Polygon",
    "coordinates": [
     [
      [
       -97.66234872783542,
       30.437093246168384
      ],
      [
       -97.66235634782083,
       30.437087119700905
      ],
      [
       -97.6623776650749,
       30.437106829196996
      ],
      [
       -97.66237004508947,
       30.437112955664478
      ],
      [
       -97.66234872783542,
       30.437093246168384
      ]
     ]
    ]
   }
  },
  {
   "type": "Feature",
   "properties": {
    "id": "53-D1",
    "lot": 53,
    "space": "D1",
    "status": "bohri",
    "color": "gray"
   },
   "geometry": {
    "type": "Polygon",
    "coordinates": [
     [
      [
       -97.66235634782083,
       30.437087119700905
      ],
      [
       -97.66236396780624,
       30.437080993233423
      ],
      [
       -97.66238528506031,
       30.437100702729513
      ],
      [
       -97.6623776650749,
       30.437106829196996
      ],
      [
       -97.66235634782083,
       30.437087119700905
      ]
     ]
    ]
   }
  },
  {
   "type": "Feature",
   "properties": {
    "id": "53-D2",
    "lot": 53,
    "space": "D2",
    "status": "bohri",
    "color": "gray"
   },
   "geometry": {
    "type": "Polygon",
    "coordinates": [
     [
      [
       -97.66236396780624,
       30.437080993233423
      ],
      [
       -97.66237158779165,
       30.43707486676594
      ],
      [
       -97.66239290504572,
       30.43709457626203
      ],
      [
       -97.66238528506031,
       30.437100702729513
      ],
      [
       -97.66236396780624,
       30.437080993233423
      ]
     ]
    ]
   }
  },
  {
   "type": "Feature",
   "properties": {
    "id": "53-D3",
    "lot": 53,
    "space": "D3",
    "status": "bohri",
    "color": "gray"
   },
   "geometry": {
    "type": "Polygon",
    "coordinates": [
     [
      [
       -97.66237158779165,
       30.43707486676594
      ],
      [
       -97.66237920777706,
       30.437068740298457
      ],
      [
       -97.66240052503113,
       30.43708844979455
      ],
      [
       -97.66239290504572,
       30.43709457626203
      ],
      [
       -97.66237158779165,
       30.43707486676594
      ]
     ]
    ]
   }
  },
  {
   "type": "Feature",
   "properties": {
    "id": "53-D4",
    "lot": 53,
    "space": "D4",
    "status": "bohri",
    "color": "gray"
   },
   "geometry": {
    "type": "Polygon",
    "coordinates": [
     [
      [
       -97.66237920777706,
       30.437068740298457
      ],
      [
       -97.66238682776249,
       30.437062613830978
      ],
      [
       -97.66240814501654,
       30.43708232332707
      ],
      [
       -97.66240052503113,
       30.43708844979455
      ],
      [
       -97.66237920777706,
       30.437068740298457
      ]
     ]
    ]
   }
  },
  {
   "type": "Feature",
   "properties": {
    "id": "54-A1",
    "lot": 54,
    "space": "A1",
    "status": "unusable",
    "color": "green"
   },
   "geometry": {
    "type": "Polygon",
    "coordinates": [
     [
      [
       -97.66224354934909,
       30.437140889543727
      ],
      [
       -97.66225116933451,
       30.437134763076244
      ],
      [
       -97.66227248658856,
       30.437154472572338
      ],
      [
       -97.66226486660315,
       30.437160599039817
      ],
      [
       -97.66224354934909,
       30.437140889543727
      ]
     ]
    ]
   }
  },
  {
   "type": "Feature",
   "properties": {
    "id": "54-A2",
    "lot": 54,
    "space": "A2",
    "status": "unusable",
    "color": "green"
   },
   "geometry": {
    "type": "Polygon",
    "coordinates": [
     [
      [
       -97.66225116933451,
       30.437134763076244
      ],
      [
       -97.66225878931992,
       30.437128636608765
      ],
      [
       -97.66228010657397,
       30.437148346104856
      ],
      [
       -97.66227248658856,
       30.437154472572338
      ],
      [
       -97.66225116933451,
       30.437134763076244
      ]
     ]
    ]
   }
  },
  {
   "type": "Feature",
   "properties": {
    "id": "54-A3",
    "lot": 54,
    "space": "A3",
    "status": "unusable",
    "color": "green"
   },
   "geometry": {
    "type": "Polygon",
    "coordinates": [
     [
      [
       -97.66225878931992,
       30.437128636608765
      ],
      [
       -97.66226640930533,
       30.437122510141283
      ],
      [
       -97.66228772655938,
       30.437142219637373
      ],
      [
       -97.66228010657397,
       30.437148346104856
      ],
      [
       -97.66225878931992,
       30.437128636608765
      ]
     ]
    ]
   }
  },
  {
   "type": "Feature",
   "properties": {
    "id": "54-A4",
    "lot": 54,
    "space": "A4",
    "status": "unowned",
    "color": "white"
   },
   "geometry": {
    "type": "Polygon",
    "coordinates": [
     [
      [
       -97.66226640930533,
       30.437122510141283
      ],
      [
       -97.66227402929074,
       30.4371163836738
      ],
      [
       -97.66229534654481,
       30.43713609316989
      ],
      [
       -97.66228772655938,
       30.437142219637373
      ],
      [
       -97.66226640930533,
       30.437122510141283
      ]
     ]
    ]
   }
  },
  {
   "type": "Feature",
   "properties": {
    "id": "54-B1",
    "lot": 54,
    "space": "B1",
    "status": "unowned",
    "color": "white"
   },
   "geometry": {
    "type": "Polygon",
    "coordinates": [
     [
      [
       -97.66227402929074,
       30.4371163836738
      ],
      [
       -97.66228164927615,
       30.437110257206317
      ],
      [
       -97.66230296653022,
       30.43712996670241
      ],
      [
       -97.66229534654481,
       30.43713609316989
      ],
      [
       -97.66227402929074,
       30.4371163836738
      ]
     ]
    ]
   }
  },
  {
   "type": "Feature",
   "properties": {
    "id": "54-B2",
    "lot": 54,
    "space": "B2",
    "status": "unowned",
    "color": "white"
   },
   "geometry": {
    "type": "Polygon",
    "coordinates": [
     [
      [
       -97.66228164927615,
       30.437110257206317
      ],
      [
       -97.66228926926156,
       30.437104130738838
      ],
      [
       -97.66231058651563,
       30.43712384023493
      ],
      [
       -97.66230296653022,
       30.43712996670241
      ],
      [
       -97.66228164927615,
       30.437110257206317
      ]
     ]
    ]
   }
  },
  {
   "type": "Feature",
   "properties": {
    "id": "54-B3",
    "lot": 54,
    "space": "B3",
    "status": "unowned",
    "color": "white"
   },
   "geometry": {
    "type": "Polygon",
    "coordinates": [
     [
      [
       -97.66228926926156,
       30.437104130738838
      ],
      [
       -97.66229688924697,
       30.437098004271355
      ],
      [
       -97.66231820650104,
       30.437117713767446
      ],
      [
       -97.66231058651563,
       30.43712384023493
      ],
      [
       -97.66228926926156,
       30.437104130738838
      ]
     ]
    ]
   }
  },
  {
   "type": "Feature",
   "properties": {
    "id": "54-B4",
    "lot": 54,
    "space": "B4",
    "status": "unowned",
    "color": "white"
   },
   "geometry": {
    "type": "Polygon",
    "coordinates": [
     [
      [
       -97.66229688924697,
       30.437098004271355
      ],
      [
       -97.6623045092324,
       30.437091877803873
      ],
      [
       -97.66232582648645,
       30.437111587299963
      ],
      [
       -97.66231820650104,
       30.437117713767446
      ],
      [
       -97.66229688924697,
       30.437098004271355
      ]
     ]
    ]
   }
  },
  {
   "type": "Feature",
   "properties": {
    "id": "54-C1",
    "lot": 54,
    "space": "C1",
    "status": "unowned",
    "color": "white"
   },
   "geometry": {
    "type": "Polygon",
    "coordinates": [
     [
      [
       -97.66226486660315,
       30.437160599039817
      ],
      [
       -97.66227248658856,
       30.437154472572338
      ],
      [
       -97.66229380384263,
       30.43717418206843
      ],
      [
       -97.66228618385722,
       30.437180308535908
      ],
      [
       -97.66226486660315,
       30.437160599039817
      ]
     ]
    ]
   }
  },
  {
   "type": "Feature",
   "properties": {
    "id": "54-C2",
    "lot": 54,
    "space": "C2",
    "status": "buried",
    "color": "red"
   },
   "geometry": {
    "type": "Polygon",
    "coordinates": [
     [
      [
       -97.66227248658856,
       30.437154472572338
      ],
      [
       -97.66228010657397,
       30.437148346104856
      ],
      [
       -97.66230142382804,
       30.437168055600946
      ],
      [
       -97.66229380384263,
       30.43717418206843
      ],
      [
       -97.66227248658856,
       30.437154472572338
      ]
     ]
    ]
   }
  },
  {
   "type": "Feature",
   "properties": {
    "id": "54-C3",
    "lot": 54,
    "space": "C3",
    "status": "unowned",
    "color": "white"
   },
   "geometry": {
    "type": "Polygon",
    "coordinates": [
     [
      [
       -97.66228010657397,
       30.437148346104856
      ],
      [
       -97.66228772655938,
       30.437142219637373
      ],
      [
       -97.66230904381345,
       30.437161929133463
      ],
      [
       -97.66230142382804,
       30.437168055600946
      ],
      [
       -97.66228010657397,
       30.437148346104856
      ]
     ]
    ]
   }
  },
  {
   "type": "Feature",
   "properties": {
    "id": "54-C4",
    "lot": 54,
    "space": "C4",
    "status": "unowned",
    "color": "white"
   },
   "geometry": {
    "type": "Polygon",
    "coordinates": [
     [
      [
       -97.66228772655938,
       30.437142219637373
      ],
      [
       -97.66229534654481,
       30.43713609316989
      ],
      [
       -97.66231666379886,
       30.437155802665984
      ],
      [
       -97.66230904381345,
       30.437161929133463
      ],
      [
       -97.66228772655938,
       30.437142219637373
      ]
     ]
    ]
   }
  },
  {
   "type": "Feature",
   "properties": {
    "id": "54-D1",
    "lot": 54,
    "space": "D1",
    "status": "unowned",
    "color": "white"
   },
   "geometry": {
    "type": "Polygon",
    "coordinates": [
     [
      [
       -97.66229534654481,
       30.43713609316989
      ],
      [
       -97.66230296653022,
       30.43712996670241
      ],
      [
       -97.66232428378427,
       30.4371496761985
      ],
      [
       -97.66231666379886,
       30.437155802665984
      ],
      [
       -97.66229534654481,
       30.43713609316989
      ]
     ]
    ]
   }
  },
  {
   "type": "Feature",
   "properties": {
    "id": "54-D2",
    "lot": 54,
    "space": "D2",
    "status": "unowned",
    "color": "white"
   },
   "geometry": {
    "type": "Polygon",
    "coordinates": [
     [
      [
       -97.66230296653022,
       30.43712996670241
      ],
      [
       -97.66231058651563,
       30.43712384023493
      ],
      [
       -97.6623319037697,
       30.43714354973102
      ],
      [
       -97.66232428378427,
       30.4371496761985
      ],
      [
       -97.66230296653022,
       30.43712996670241
      ]
     ]
    ]
   }
  },
  {
   "type": "Feature",
   "properties": {
    "id": "54-D3",
    "lot": 54,
    "space": "D3",
    "status": "unowned",
    "color": "white"
   },
   "geometry": {
    "type": "Polygon",
    "coordinates": [
     [
      [
       -97.66231058651563,
       30.43712384023493
      ],
      [
       -97.66231820650104,
       30.437117713767446
      ],
      [
       -97.66233952375511,
       30.437137423263536
      ],
      [
       -97.6623319037697,
       30.43714354973102
      ],
      [
       -97.66231058651563,
       30.43712384023493
      ]
     ]
    ]
   }
  },
  {
   "type": "Feature",
   "properties": {
    "id": "54-D4",
    "lot": 54,
    "space": "D4",
    "status": "unowned",
    "color": "white"
   },
   "geometry": {
    "type": "Polygon",
    "coordinates": [
     [
      [
       -97.66231820650104,
       30.437117713767446
      ],
      [
       -97.66232582648645,
       30.437111587299963
      ],
      [
       -97.66234714374052,
       30.437131296796057
      ],
      [
       -97.66233952375511,
       30.437137423263536
      ],
      [
       -97.66231820650104,
       30.437117713767446
      ]
     ]
    ]
   }
  },
  {
   "type": "Feature",
   "properties": {
    "id": "55-A1",
    "lot": 55,
    "space": "A1",
    "status": "bohri",
    "color": "gray"
   },
   "geometry": {
    "type": "Polygon",
    "coordinates": [
     [
      [
       -97.6623471949439,
       30.437131362954453
      ],
      [
       -97.66235481492933,
       30.43712523648697
      ],
      [
       -97.66237613218338,
       30.43714494598306
      ],
      [
       -97.66236851219797,
       30.437151072450543
      ],
      [
       -97.6623471949439,
       30.437131362954453
      ]
     ]
    ]
   }
  },
  {
   "type": "Feature",
   "properties": {
    "id": "55-A2",
    "lot": 55,
    "space": "A2",
    "status": "bohri",
    "color": "gray"
   },
   "geometry": {
    "type": "Polygon",
    "coordinates": [
     [
      [
       -97.66235481492933,
       30.43712523648697
      ],
      [
       -97.66236243491474,
       30.437119110019488
      ],
      [
       -97.6623837521688,
       30.437138819515578
      ],
      [
       -97.66237613218338,
       30.43714494598306
      ],
      [
       -97.66235481492933,
       30.43712523648697
      ]
     ]
    ]
   }
  },
  {
   "type": "Feature",
   "properties": {
    "id": "55-A3",
    "lot": 55,
    "space": "A3",
    "status": "bohri",
    "color": "gray"
   },
   "geometry": {
    "type": "Polygon",
    "coordinates": [
     [
      [
       -97.66236243491474,
       30.437119110019488
      ],
      [
       -97.66237005490015,
       30.437112983552005
      ],
      [
       -97.66239137215422,
       30.4371326930481
      ],
      [
       -97.6623837521688,
       30.437138819515578
      ],
      [
       -97.66236243491474,
       30.437119110019488
      ]
     ]
    ]
   }
  },
  {
   "type": "Feature",
   "properties": {
    "id": "55-A4",
    "lot": 55,
    "space": "A4",
    "status": "bohri",
    "color": "gray"
   },
   "geometry": {
    "type": "Polygon",
    "coordinates": [
     [
      [
       -97.66237005490015,
       30.437112983552005
      ],
      [
       -97.66237767488556,
       30.437106857084526
      ],
      [
       -97.66239899213963,
       30.437126566580616
      ],
      [
       -97.66239137215422,
       30.4371326930481
      ],
      [
       -97.66237005490015,
       30.437112983552005
      ]
     ]
    ]
   }
  },
  {
   "type": "Feature",
   "properties": {
    "id": "55-B1",
    "lot": 55,
    "space": "B1",
    "status": "bohri",
    "color": "gray"
   },
   "geometry": {
    "type": "Polygon",
    "coordinates": [
     [
      [
       -97.66237767488556,
       30.437106857084526
      ],
      [
       -97.66238529487097,
       30.437100730617043
      ],
      [
       -97.66240661212504,
       30.437120440113134
      ],
      [
       -97.66239899213963,
       30.437126566580616
      ],
      [
       -97.66237767488556,
       30.437106857084526
      ]
     ]
    ]
   }
  },
  {
   "type": "Feature",
   "properties": {
    "id": "55-B2",
    "lot": 55,
    "space": "B2",
    "status": "bohri",
    "color": "gray"
   },
   "geometry": {
    "type": "Polygon",
    "coordinates": [
     [
      [
       -97.66238529487097,
       30.437100730617043
      ],
      [
       -97.66239291485638,
       30.43709460414956
      ],
      [
       -97.66241423211045,
       30.43711431364565
      ],
      [
       -97.66240661212504,
       30.437120440113134
      ],
      [
       -97.66238529487097,
       30.437100730617043
      ]
     ]
    ]
   }
  },
  {
   "type": "Feature",
   "properties": {
    "id": "55-B3",
    "lot": 55,
    "space": "B3",
    "status": "bohri",
    "color": "gray"
   },
   "geometry": {
    "type": "Polygon",
    "coordinates": [
     [
      [
       -97.66239291485638,
       30.43709460414956
      ],
      [
       -97.66240053484181,
       30.437088477682078
      ],
      [
       -97.66242185209586,
       30.437108187178172
      ],
      [
       -97.66241423211045,
       30.43711431364565
      ],
      [
       -97.66239291485638,
       30.43709460414956
      ]
     ]
    ]
   }
  },
  {
   "type": "Feature",
   "properties": {
    "id": "55-B4",
    "lot": 55,
    "space": "B4",
    "status": "bohri",
    "color": "gray"
   },
   "geometry": {
    "type": "Polygon",
    "coordinates": [
     [
      [
       -97.66240053484181,
       30.437088477682078
      ],
      [
       -97.66240815482722,
       30.4370823512146
      ],
      [
       -97.66242947208127,
       30.43710206071069
      ],
      [
       -97.66242185209586,
       30.437108187178172
      ],
      [
       -97.66240053484181,
       30.437088477682078
      ]
     ]
    ]
   }
  },
  {
   "type": "Feature",
   "properties": {
    "id": "55-C1",
    "lot": 55,
    "space": "C1",
    "status": "bohri",
    "color": "gray"
   },
   "geometry": {
    "type": "Polygon",
    "coordinates": [
     [
      [
       -97.66236851219797,
       30.437151072450543
      ],
      [
       -97.66237613218338,
       30.43714494598306
      ],
      [
       -97.66239744943745,
       30.43716465547915
      ],
      [
       -97.66238982945204,
       30.437170781946634
      ],
      [
       -97.66236851219797,
       30.437151072450543
      ]
     ]
    ]
   }
  },
  {
   "type": "Feature",
   "properties": {
    "id": "55-C2",
    "lot": 55,
    "space": "C2",
    "status": "bohri",
    "color": "gray"
   },
   "geometry": {
    "type": "Polygon",
    "coordinates": [
     [
      [
       -97.66237613218338,
       30.43714494598306
      ],
      [
       -97.6623837521688,
       30.437138819515578
      ],
      [
       -97.66240506942286,
       30.43715852901167
      ],
      [
       -97.66239744943745,
       30.43716465547915
      ],
      [
       -97.66237613218338,
       30.43714494598306
      ]
     ]
    ]
   }
  },
  {
   "type": "Feature",
   "properties": {
    "id": "55-C3",
    "lot": 55,
    "space": "C3",
    "status": "bohri",
    "color": "gray"
   },
   "geometry": {
    "type": "Polygon",
    "coordinates": [
     [
      [
       -97.6623837521688,
       30.437138819515578
      ],
      [
       -97.66239137215422,
       30.4371326930481
      ],
      [
       -97.66241268940827,
       30.43715240254419
      ],
      [
       -97.66240506942286,
       30.43715852901167
      ],
      [
       -97.6623837521688,
       30.437138819515578
      ]
     ]
    ]
   }
  },
  {
   "type": "Feature",
   "properties": {
    "id": "55-C4",
    "lot": 55,
    "space": "C4",
    "status": "bohri",
    "color": "gray"
   },
   "geometry": {
    "type": "Polygon",
    "coordinates": [
     [
      [
       -97.66239137215422,
       30.4371326930481
      ],
      [
       -97.66239899213963,
       30.437126566580616
      ],
      [
       -97.66242030939368,
       30.437146276076707
      ],
      [
       -97.66241268940827,
       30.43715240254419
      ],
      [
       -97.66239137215422,
       30.4371326930481
      ]
     ]
    ]
   }
  },
  {
   "type": "Feature",
   "properties": {
    "id": "55-D1",
    "lot": 55,
    "space": "D1",
    "status": "bohri",
    "color": "gray"
   },
   "geometry": {
    "type": "Polygon",
    "coordinates": [
     [
      [
       -97.66239899213963,
       30.437126566580616
      ],
      [
       -97.66240661212504,
       30.437120440113134
      ],
      [
       -97.66242792937909,
       30.437140149609224
      ],
      [
       -97.66242030939368,
       30.437146276076707
      ],
      [
       -97.66239899213963,
       30.437126566580616
      ]
     ]
    ]
   }
  },
  {
   "type": "Feature",
   "properties": {
    "id": "55-D2",
    "lot": 55,
    "space": "D2",
    "status": "bohri",
    "color": "gray"
   },
   "geometry": {
    "type": "Polygon",
    "coordinates": [
     [
      [
       -97.66240661212504,
       30.437120440113134
      ],
      [
       -97.66241423211045,
       30.43711431364565
      ],
      [
       -97.66243554936452,
       30.437134023141745
      ],
      [
       -97.66242792937909,
       30.437140149609224
      ],
      [
       -97.66240661212504,
       30.437120440113134
      ]
     ]
    ]
   }
  },
  {
   "type": "Feature",
   "properties": {
    "id": "55-D3",
    "lot": 55,
    "space": "D3",
    "status": "bohri",
    "color": "gray"
   },
   "geometry": {
    "type": "Polygon",
    "coordinates": [
     [
      [
       -97.66241423211045,
       30.43711431364565
      ],
      [
       -97.66242185209586,
       30.437108187178172
      ],
      [
       -97.66244316934993,
       30.437127896674262
      ],
      [
       -97.66243554936452,
       30.437134023141745
      ],
      [
       -97.66241423211045,
       30.43711431364565
      ]
     ]
    ]
   }
  },
  {
   "type": "Feature",
   "properties": {
    "id": "55-D4",
    "lot": 55,
    "space": "D4",
    "status": "bohri",
    "color": "gray"
   },
   "geometry": {
    "type": "Polygon",
    "coordinates": [
     [
      [
       -97.66242185209586,
       30.437108187178172
      ],
      [
       -97.66242947208127,
       30.43710206071069
      ],
      [
       -97.66245078933534,
       30.43712177020678
      ],
      [
       -97.66244316934993,
       30.437127896674262
      ],
      [
       -97.66242185209586,
       30.437108187178172
      ]
     ]
    ]
   }
  },
  {
   "type": "Feature",
   "properties": {
    "id": "56-A1",
    "lot": 56,
    "space": "A1",
    "status": "unusable",
    "color": "green"
   },
   "geometry": {
    "type": "Polygon",
    "coordinates": [
     [
      [
       -97.66228615120014,
       30.4371803347922
      ],
      [
       -97.66229377118555,
       30.437174208324716
      ],
      [
       -97.66231508843961,
       30.437193917820807
      ],
      [
       -97.66230746845419,
       30.43720004428829
      ],
      [
       -97.66228615120014,
       30.4371803347922
      ]
     ]
    ]
   }
  },
  {
   "type": "Feature",
   "properties": {
    "id": "56-A2",
    "lot": 56,
    "space": "A2",
    "status": "unusable",
    "color": "green"
   },
   "geometry": {
    "type": "Polygon",
    "coordinates": [
     [
      [
       -97.66229377118555,
       30.437174208324716
      ],
      [
       -97.66230139117096,
       30.437168081857234
      ],
      [
       -97.66232270842502,
       30.437187791353328
      ],
      [
       -97.66231508843961,
       30.437193917820807
      ],
      [
       -97.66229377118555,
       30.437174208324716
      ]
     ]
    ]
   }
  },
  {
   "type": "Feature",
   "properties": {
    "id": "56-A3",
    "lot": 56,
    "space": "A3",
    "status": "unowned",
    "color": "white"
   },
   "geometry": {
    "type": "Polygon",
    "coordinates": [
     [
      [
       -97.66230139117096,
       30.437168081857234
      ],
      [
       -97.66230901115637,
       30.437161955389755
      ],
      [
       -97.66233032841043,
       30.437181664885845
      ],
      [
       -97.66232270842502,
       30.437187791353328
      ],
      [
       -97.66230139117096,
       30.437168081857234
      ]
     ]
    ]
   }
  },
  {
   "type": "Feature",
   "properties": {
    "id": "56-A4",
    "lot": 56,
    "space": "A4",
    "status": "unowned",
    "color": "white"
   },
   "geometry": {
    "type": "Polygon",
    "coordinates": [
     [
      [
       -97.66230901115637,
       30.437161955389755
      ],
      [
       -97.66231663114178,
       30.437155828922272
      ],
      [
       -97.66233794839584,
       30.437175538418362
      ],
      [
       -97.66233032841043,
       30.437181664885845
      ],
      [
       -97.66230901115637,
       30.437161955389755
      ]
     ]
    ]
   }
  },
  {
   "type": "Feature",
   "properties": {
    "id": "56-B1",
    "lot": 56,
    "space": "B1",
    "status": "unowned",
    "color": "white"
   },
   "geometry": {
    "type": "Polygon",
    "coordinates": [
     [
      [
       -97.66231663114178,
       30.437155828922272
      ],
      [
       -97.6623242511272,
       30.43714970245479
      ],
      [
       -97.66234556838126,
       30.43716941195088
      ],
      [
       -97.66233794839584,
       30.437175538418362
      ],
      [
       -97.66231663114178,
       30.437155828922272
      ]
     ]
    ]
   }
  },
  {
   "type": "Feature",
   "properties": {
    "id": "56-B2",
    "lot": 56,
    "space": "B2",
    "status": "unowned",
    "color": "white"
   },
   "geometry": {
    "type": "Polygon",
    "coordinates": [
     [
      [
       -97.6623242511272,
       30.43714970245479
      ],
      [
       -97.66233187111261,
       30.437143575987307
      ],
      [
       -97.66235318836667,
       30.4371632854834
      ],
      [
       -97.66234556838126,
       30.43716941195088
      ],
      [
       -97.6623242511272,
       30.43714970245479
      ]
     ]
    ]
   }
  },
  {
   "type": "Feature",
   "properties": {
    "id": "56-B3",
    "lot": 56,
    "space": "B3",
    "status": "unowned",
    "color": "white"
   },
   "geometry": {
    "type": "Polygon",
    "coordinates": [
     [
      [
       -97.66233187111261,
       30.437143575987307
      ],
      [
       -97.66233949109802,
       30.437137449519827
      ],
      [
       -97.66236080835209,
       30.437157159015918
      ],
      [
       -97.66235318836667,
       30.4371632854834
      ],
      [
       -97.66233187111261,
       30.437143575987307
      ]
     ]
    ]
   }
  },
  {
   "type": "Feature",
   "properties": {
    "id": "56-B4",
    "lot": 56,
    "space": "B4",
    "status": "unowned",
    "color": "white"
   },
   "geometry": {
    "type": "Polygon",
    "coordinates": [
     [
      [
       -97.66233949109802,
       30.437137449519827
      ],
      [
       -97.66234711108343,
       30.437131323052345
      ],
      [
       -97.6623684283375,
       30.437151032548435
      ],
      [
       -97.66236080835209,
       30.437157159015918
      ],
      [
       -97.66233949109802,
       30.437137449519827
      ]
     ]
    ]
   }
  },
  {
   "type": "Feature",
   "properties": {
    "id": "56-C1",
    "lot": 56,
    "space": "C1",
    "status": "unusable",
    "color": "green"
   },
   "geometry": {
    "type": "Polygon",
    "coordinates": [
     [
      [
       -97.66230746845419,
       30.43720004428829
      ],
      [
       -97.66231508843961,
       30.437193917820807
      ],
      [
       -97.66233640569367,
       30.4372136273169
      ],
      [
       -97.66232878570825,
       30.43721975378438
      ],
      [
       -97.66230746845419,
       30.43720004428829
      ]
     ]
    ]
   }
  },
  {
   "type": "Feature",
   "properties": {
    "id": "56-C2",
    "lot": 56,
    "space": "C2",
    "status": "unusable",
    "color": "green"
   },
   "geometry": {
    "type": "Polygon",
    "coordinates": [
     [
      [
       -97.66231508843961,
       30.437193917820807
      ],
      [
       -97.66232270842502,
       30.437187791353328
      ],
      [
       -97.66234402567908,
       30.437207500849418
      ],
      [
       -97.66233640569367,
       30.4372136273169
      ],
      [
       -97.66231508843961,
       30.437193917820807
      ]
     ]
    ]
   }
  },
  {
   "type": "Feature",
   "properties": {
    "id": "56-C3",
    "lot": 56,
    "space": "C3",
    "status": "occupied",
    "color": "darkblue",
    "person": {
     "name": "IBRAHIM, Ali",
     "burial": "2022-12-13"
    }
   },
   "geometry": {
    "type": "Polygon",
    "coordinates": [
     [
      [
       -97.66232270842502,
       30.437187791353328
      ],
      [
       -97.66233032841043,
       30.437181664885845
      ],
      [
       -97.66235164566449,
       30.437201374381935
      ],
      [
       -97.66234402567908,
       30.437207500849418
      ],
      [
       -97.66232270842502,
       30.437187791353328
      ]
     ]
    ]
   }
  },
  {
   "type": "Feature",
   "properties": {
    "id": "56-C4",
    "lot": 56,
    "space": "C4",
    "status": "vacant",
    "color": "lightblue",
    "owner": "IBRAHIM, Abbas"
   },
   "geometry": {
    "type": "Polygon",
    "coordinates": [
     [
      [
       -97.66233032841043,
       30.437181664885845
      ],
      [
       -97.66233794839584,
       30.437175538418362
      ],
      [
       -97.66235926564991,
       30.437195247914453
      ],
      [
       -97.66235164566449,
       30.437201374381935
      ],
      [
       -97.66233032841043,
       30.437181664885845
      ]
     ]
    ]
   }
  },
  {
   "type": "Feature",
   "properties": {
    "id": "56-D1",
    "lot": 56,
    "space": "D1",
    "status": "vacant",
    "color": "lightblue",
    "owner": "IBRAHIM, Abbas"
   },
   "geometry": {
    "type": "Polygon",
    "coordinates": [
     [
      [
       -97.66233794839584,
       30.437175538418362
      ],
      [
       -97.66234556838126,
       30.43716941195088
      ],
      [
       -97.66236688563532,
       30.437189121446973
      ],
      [
       -97.66235926564991,
       30.437195247914453
      ],
      [
       -97.66233794839584,
       30.437175538418362
      ]
     ]
    ]
   }
  },
  {
   "type": "Feature",
   "properties": {
    "id": "56-D2",
    "lot": 56,
    "space": "D2",
    "status": "unowned",
    "color": "white"
   },
   "geometry": {
    "type": "Polygon",
    "coordinates": [
     [
      [
       -97.66234556838126,
       30.43716941195088
      ],
      [
       -97.66235318836667,
       30.4371632854834
      ],
      [
       -97.66237450562073,
       30.43718299497949
      ],
      [
       -97.66236688563532,
       30.437189121446973
      ],
      [
       -97.66234556838126,
       30.43716941195088
      ]
     ]
    ]
   }
  },
  {
   "type": "Feature",
   "properties": {
    "id": "56-D3",
    "lot": 56,
    "space": "D3",
    "status": "unowned",
    "color": "white"
   },
   "geometry": {
    "type": "Polygon",
    "coordinates": [
     [
      [
       -97.66235318836667,
       30.4371632854834
      ],
      [
       -97.66236080835209,
       30.437157159015918
      ],
      [
       -97.66238212560614,
       30.437176868512008
      ],
      [
       -97.66237450562073,
       30.43718299497949
      ],
      [
       -97.66235318836667,
       30.4371632854834
      ]
     ]
    ]
   }
  },
  {
   "type": "Feature",
   "properties": {
    "id": "56-D4",
    "lot": 56,
    "space": "D4",
    "status": "unowned",
    "color": "white"
   },
   "geometry": {
    "type": "Polygon",
    "coordinates": [
     [
      [
       -97.66236080835209,
       30.437157159015918
      ],
      [
       -97.6623684283375,
       30.437151032548435
      ],
      [
       -97.66238974559155,
       30.437170742044525
      ],
      [
       -97.66238212560614,
       30.437176868512008
      ],
      [
       -97.66236080835209,
       30.437157159015918
      ]
     ]
    ]
   }
  },
  {
   "type": "Feature",
   "properties": {
    "id": "57-A1",
    "lot": 57,
    "space": "A1",
    "status": "unowned",
    "color": "white"
   },
   "geometry": {
    "type": "Polygon",
    "coordinates": [
     [
      [
       -97.66238999502293,
       30.4371709350301
      ],
      [
       -97.66239761500836,
       30.437164808562617
      ],
      [
       -97.66241893226241,
       30.437184518058707
      ],
      [
       -97.662411312277,
       30.43719064452619
      ],
      [
       -97.66238999502293,
       30.4371709350301
      ]
     ]
    ]
   }
  },
  {
   "type": "Feature",
   "properties": {
    "id": "57-A2",
    "lot": 57,
    "space": "A2",
    "status": "unowned",
    "color": "white"
   },
   "geometry": {
    "type": "Polygon",
    "coordinates": [
     [
      [
       -97.66239761500836,
       30.437164808562617
      ],
      [
       -97.66240523499377,
       30.437158682095134
      ],
      [
       -97.66242655224782,
       30.437178391591225
      ],
      [
       -97.66241893226241,
       30.437184518058707
      ],
      [
       -97.66239761500836,
       30.437164808562617
      ]
     ]
    ]
   }
  },
  {
   "type": "Feature",
   "properties": {
    "id": "57-A3",
    "lot": 57,
    "space": "A3",
    "status": "unowned",
    "color": "white"
   },
   "geometry": {
    "type": "Polygon",
    "coordinates": [
     [
      [
       -97.66240523499377,
       30.437158682095134
      ],
      [
       -97.66241285497918,
       30.43715255562765
      ],
      [
       -97.66243417223323,
       30.437172265123746
      ],
      [
       -97.66242655224782,
       30.437178391591225
      ],
      [
       -97.66240523499377,
       30.437158682095134
      ]
     ]
    ]
   }
  },
  {
   "type": "Feature",
   "properties": {
    "id": "57-A4",
    "lot": 57,
    "space": "A4",
    "status": "unowned",
    "color": "white"
   },
   "geometry": {
    "type": "Polygon",
    "coordinates": [
     [
      [
       -97.66241285497918,
       30.43715255562765
      ],
      [
       -97.66242047496459,
       30.437146429160173
      ],
      [
       -97.66244179221866,
       30.437166138656263
      ],
      [
       -97.66243417223323,
       30.437172265123746
      ],
      [
       -97.66241285497918,
       30.43715255562765
      ]
     ]
    ]
   }
  },
  {
   "type": "Feature",
   "properties": {
    "id": "57-B1",
    "lot": 57,
    "space": "B1",
    "status": "unowned",
    "color": "white"
   },
   "geometry": {
    "type": "Polygon",
    "coordinates": [
     [
      [
       -97.66242047496459,
       30.437146429160173
      ],
      [
       -97.66242809495,
       30.43714030269269
      ],
      [
       -97.66244941220407,
       30.43716001218878
      ],
      [
       -97.66244179221866,
       30.437166138656263
      ],
      [
       -97.66242047496459,
       30.437146429160173
      ]
     ]
    ]
   }
  },
  {
   "type": "Feature",
   "properties": {
    "id": "57-B2",
    "lot": 57,
    "space": "B2",
    "status": "unowned",
    "color": "white"
   },
   "geometry": {
    "type": "Polygon",
    "coordinates": [
     [
      [
       -97.66242809495,
       30.43714030269269
      ],
      [
       -97.66243571493541,
       30.437134176225207
      ],
      [
       -97.66245703218948,
       30.437153885721298
      ],
      [
       -97.66244941220407,
       30.43716001218878
      ],
      [
       -97.66242809495,
       30.43714030269269
      ]
     ]
    ]
   }
  },
  {
   "type": "Feature",
   "properties": {
    "id": "57-B3",
    "lot": 57,
    "space": "B3",
    "status": "unowned",
    "color": "white"
   },
   "geometry": {
    "type": "Polygon",
    "coordinates": [
     [
      [
       -97.66243571493541,
       30.437134176225207
      ],
      [
       -97.66244333492082,
       30.437128049757728
      ],
      [
       -97.66246465217489,
       30.43714775925382
      ],
      [
       -97.66245703218948,
       30.437153885721298
      ],
      [
       -97.66243571493541,
       30.437134176225207
      ]
     ]
    ]
   }
  },
  {
   "type": "Feature",
   "properties": {
    "id": "57-B4",
    "lot": 57,
    "space": "B4",
    "status": "unowned",
    "color": "white"
   },
   "geometry": {
    "type": "Polygon",
    "coordinates": [
     [
      [
       -97.66244333492082,
       30.437128049757728
      ],
      [
       -97.66245095490625,
       30.437121923290245
      ],
      [
       -97.6624722721603,
       30.437141632786336
      ],
      [
       -97.66246465217489,
       30.43714775925382
      ],
      [
       -97.66244333492082,
       30.437128049757728
      ]
     ]
    ]
   }
  },
  {
   "type": "Feature",
   "properties": {
    "id": "57-C1",
    "lot": 57,
    "space": "C1",
    "status": "unowned",
    "color": "white"
   },
   "geometry": {
    "type": "Polygon",
    "coordinates": [
     [
      [
       -97.662411312277,
       30.43719064452619
      ],
      [
       -97.66241893226241,
       30.437184518058707
      ],
      [
       -97.66244024951648,
       30.437204227554798
      ],
      [
       -97.66243262953107,
       30.43721035402228
      ],
      [
       -97.662411312277,
       30.43719064452619
      ]
     ]
    ]
   }
  },
  {
   "type": "Feature",
   "properties": {
    "id": "57-C2",
    "lot": 57,
    "space": "C2",
    "status": "unowned",
    "color": "white"
   },
   "geometry": {
    "type": "Polygon",
    "coordinates": [
     [
      [
       -97.66241893226241,
       30.437184518058707
      ],
      [
       -97.66242655224782,
       30.437178391591225
      ],
      [
       -97.66244786950189,
       30.43719810108732
      ],
      [
       -97.66244024951648,
       30.437204227554798
      ],
      [
       -97.66241893226241,
       30.437184518058707
      ]
     ]
    ]
   }
  },
  {
   "type": "Feature",
   "properties": {
    "id": "57-C3",
    "lot": 57,
    "space": "C3",
    "status": "unowned",
    "color": "white"
   },
   "geometry": {
    "type": "Polygon",
    "coordinates": [
     [
      [
       -97.66242655224782,
       30.437178391591225
      ],
      [
       -97.66243417223323,
       30.437172265123746
      ],
      [
       -97.6624554894873,
       30.437191974619836
      ],
      [
       -97.66244786950189,
       30.43719810108732
      ],
      [
       -97.66242655224782,
       30.437178391591225
      ]
     ]
    ]
   }
  },
  {
   "type": "Feature",
   "properties": {
    "id": "57-C4",
    "lot": 57,
    "space": "C4",
    "status": "unowned",
    "color": "white"
   },
   "geometry": {
    "type": "Polygon",
    "coordinates": [
     [
      [
       -97.66243417223323,
       30.437172265123746
      ],
      [
       -97.66244179221866,
       30.437166138656263
      ],
      [
       -97.66246310947271,
       30.437185848152353
      ],
      [
       -97.6624554894873,
       30.437191974619836
      ],
      [
       -97.66243417223323,
       30.437172265123746
      ]
     ]
    ]
   }
  },
  {
   "type": "Feature",
   "properties": {
    "id": "57-D1",
    "lot": 57,
    "space": "D1",
    "status": "unowned",
    "color": "white"
   },
   "geometry": {
    "type": "Polygon",
    "coordinates": [
     [
      [
       -97.66244179221866,
       30.437166138656263
      ],
      [
       -97.66244941220407,
       30.43716001218878
      ],
      [
       -97.66247072945812,
       30.43717972168487
      ],
      [
       -97.66246310947271,
       30.437185848152353
      ],
      [
       -97.66244179221866,
       30.437166138656263
      ]
     ]
    ]
   }
  },
  {
   "type": "Feature",
   "properties": {
    "id": "57-D2",
    "lot": 57,
    "space": "D2",
    "status": "unowned",
    "color": "white"
   },
   "geometry": {
    "type": "Polygon",
    "coordinates": [
     [
      [
       -97.66244941220407,
       30.43716001218878
      ],
      [
       -97.66245703218948,
       30.437153885721298
      ],
      [
       -97.66247834944353,
       30.43717359521739
      ],
      [
       -97.66247072945812,
       30.43717972168487
      ],
      [
       -97.66244941220407,
       30.43716001218878
      ]
     ]
    ]
   }
  },
  {
   "type": "Feature",
   "properties": {
    "id": "57-D3",
    "lot": 57,
    "space": "D3",
    "status": "unowned",
    "color": "white"
   },
   "geometry": {
    "type": "Polygon",
    "coordinates": [
     [
      [
       -97.66245703218948,
       30.437153885721298
      ],
      [
       -97.66246465217489,
       30.43714775925382
      ],
      [
       -97.66248596942896,
       30.43716746874991
      ],
      [
       -97.66247834944353,
       30.43717359521739
      ],
      [
       -97.66245703218948,
       30.437153885721298
      ]
     ]
    ]
   }
  },
  {
   "type": "Feature",
   "properties": {
    "id": "57-D4",
    "lot": 57,
    "space": "D4",
    "status": "unowned",
    "color": "white"
   },
   "geometry": {
    "type": "Polygon",
    "coordinates": [
     [
      [
       -97.66246465217489,
       30.43714775925382
      ],
      [
       -97.6624722721603,
       30.437141632786336
      ],
      [
       -97.66249358941437,
       30.437161342282426
      ],
      [
       -97.66248596942896,
       30.43716746874991
      ],
      [
       -97.66246465217489,
       30.43714775925382
      ]
     ]
    ]
   }
  },
  {
   "type": "Feature",
   "properties": {
    "id": "58-C1",
    "lot": 58,
    "space": "C1",
    "status": "unusable",
    "color": "green"
   },
   "geometry": {
    "type": "Polygon",
    "coordinates": [
     [
      [
       -97.6623500397982,
       30.4372394425138
      ],
      [
       -97.66235765978361,
       30.437233316046317
      ],
      [
       -97.66237897703768,
       30.437253025542407
      ],
      [
       -97.66237135705227,
       30.43725915200989
      ],
      [
       -97.6623500397982,
       30.4372394425138
      ]
     ]
    ]
   }
  },
  {
   "type": "Feature",
   "properties": {
    "id": "58-C2",
    "lot": 58,
    "space": "C2",
    "status": "unusable",
    "color": "green"
   },
   "geometry": {
    "type": "Polygon",
    "coordinates": [
     [
      [
       -97.66235765978361,
       30.437233316046317
      ],
      [
       -97.66236527976903,
       30.437227189578834
      ],
      [
       -97.66238659702309,
       30.437246899074925
      ],
      [
       -97.66237897703768,
       30.437253025542407
      ],
      [
       -97.66235765978361,
       30.437233316046317
      ]
     ]
    ]
   }
  },
  {
   "type": "Feature",
   "properties": {
    "id": "59-D4",
    "lot": 59,
    "space": "D4",
    "status": "buried",
    "color": "red",
    "person": {
     "name": "MOHAMMADI, Mahmoud",
     "burial": "2025-10-09"
    }
   },
   "geometry": {
    "type": "Polygon",
    "coordinates": [
     [
      [
       -97.66253208307613,
       30.4372100292156
      ],
      [
       -97.66253970306154,
       30.437203902748116
      ],
      [
       -97.66256102031561,
       30.43722361224421
      ],
      [
       -97.6625534003302,
       30.43722973871169
      ],
      [
       -97.66253208307613,
       30.4372100292156
      ]
     ]
    ]
   }
  }
 ],
 "metadata": {
  "generator": "cook-walden-rip editor",
  "params": {
   "anchor": {
    "lat": 30.437268657968733,
    "lng": -97.66220355069068
   },
   "rotationDeg": 137,
   "spaceWidthM": 1,
   "spaceDepthM": 3
  }
 }
}